id,firstName,lastName,email,gender,contactNo,country,dob
1,Krystyna,Glasson,kglasson0@prlog.org,Female,738-894-1383,Brazil,12/6/1998
2,Andee,De Luna,adeluna1@yandex.ru,Female,414-291-7484,Indonesia,8/17/2011
3,Charil,McLanaghan,cmclanaghan2@imgur.com,Female,882-938-5624,Russia,8/21/2006
4,Gale,Clapperton,gclapperton3@hatena.ne.jp,Male,306-827-3529,Philippines,5/11/2009
5,Natividad,Knapton,nknapton4@trellian.com,Female,422-788-2956,China,10/6/1999
6,Anthea,Synnott,asynnott5@mediafire.com,Genderfluid,183-529-6410,Japan,7/17/2009
7,Grissel,Petzolt,gpetzolt6@pinterest.com,Female,920-462-1539,Indonesia,8/30/2007
8,Isidoro,Boissier,iboissier7@deviantart.com,Male,439-318-9205,China,12/26/1998
9,Jeddy,Strattan,jstrattan8@samsung.com,Male,780-762-9355,China,10/2/2002
10,Enrica,Keeves,ekeeves9@mozilla.org,Female,190-220-1763,Portugal,1/16/2004
11,Nicola,Odgers,nodgersa@youtu.be,Female,879-149-8335,Argentina,6/6/2012
12,Towney,Scroggie,tscroggieb@statcounter.com,Male,527-936-2865,China,4/14/2000
13,Jannel,Cockton,jcocktonc@trellian.com,Female,203-975-1639,Philippines,2/20/2003
14,Koral,Rein,kreind@wiley.com,Female,687-125-3811,Russia,11/23/2009
15,Clim,Ollerton,collertone@cmu.edu,Male,841-882-0046,China,8/18/1999
16,Rriocard,Wainer,rwainerf@bloomberg.com,Male,551-394-9906,Brazil,11/9/2002
17,Ulysses,Heindl,uheindlg@usnews.com,Male,640-368-1401,Croatia,9/3/2008
18,Arlyne,Mountford,amountfordh@hubpages.com,Female,263-431-8219,China,8/9/2008
19,Brendon,Kayzer,bkayzeri@sina.com.cn,Male,796-129-2160,Poland,11/20/2000
20,Baillie,Scadding,bscaddingj@dropbox.com,Male,136-486-2166,China,9/19/2001
21,Noach,Wickens,nwickensk@sfgate.com,Male,260-525-5868,Philippines,7/1/2011
22,Kenon,Ouldred,kouldredl@foxnews.com,Male,323-392-4257,United States,4/25/1999
23,Jenny,Anderl,janderlm@etsy.com,Female,426-641-4032,Poland,11/7/1998
24,Kyrstin,Domney,kdomneyn@miitbeian.gov.cn,Female,608-506-6268,China,8/20/2003
25,Jeanna,Gipp,jgippo@telegraph.co.uk,Female,562-271-0223,Croatia,12/2/2007
26,Quentin,Newman,qnewmanp@nationalgeographic.com,Male,305-217-3968,Libya,7/23/2008
27,Belva,McDonogh,bmcdonoghq@moonfruit.com,Female,643-204-4274,China,11/25/2006
28,Nicol,Varker,nvarkerr@ovh.net,Female,225-189-4669,China,11/11/2002
29,Teirtza,Chrystal,tchrystals@google.ru,Female,854-912-8193,Madagascar,4/30/1999
30,Helen-elizabeth,Daft,hdaftt@zdnet.com,Female,254-973-0261,Sweden,12/21/2005
31,Wyatt,Rennocks,wrennocksu@japanpost.jp,Male,467-737-0797,Poland,9/2/1999
32,Ethan,Wayper,ewayperv@slate.com,Male,289-459-7438,Albania,9/30/1999
33,Gussie,Neumann,gneumannw@sakura.ne.jp,Female,422-419-1026,China,2/10/2001
34,Mahmud,Midford,mmidfordx@alibaba.com,Male,283-918-1958,Brazil,5/28/2003
35,Cherise,Andreuzzi,candreuzziy@microsoft.com,Female,374-398-5177,Thailand,4/7/2005
36,Cristy,Meynell,cmeynellz@mashable.com,Female,411-911-8127,North Korea,11/25/2007
37,Gillan,McLaine,gmclaine10@yellowpages.com,Female,944-404-3355,Mexico,1/4/2010
38,Agace,Boutellier,aboutellier11@hc360.com,Female,721-833-9881,Indonesia,8/17/2001
39,Irwinn,Barnard,ibarnard12@shinystat.com,Male,967-575-3981,Cameroon,6/17/2009
40,Merridie,Poppleton,mpoppleton13@illinois.edu,Female,995-923-8205,China,3/10/2009
41,Danni,McDuall,dmcduall14@globo.com,Female,588-171-6734,China,9/18/1999
42,Janeta,Allardyce,jallardyce15@admin.ch,Female,196-415-2247,Portugal,7/2/2005
43,Rayna,Klaussen,rklaussen16@berkeley.edu,Female,467-224-4149,Philippines,3/16/2006
44,Thatch,Boddy,tboddy17@washington.edu,Male,489-934-8679,China,9/8/2007
45,Cristine,Axworthy,caxworthy18@japanpost.jp,Female,629-479-5548,Philippines,7/31/2011
46,Ettie,Tutt,etutt19@lulu.com,Female,488-556-2722,China,4/10/2004
47,Myrilla,Grishaev,mgrishaev1a@addthis.com,Female,301-319-1047,Indonesia,4/19/2010
48,Dukie,Tattersill,dtattersill1b@twitpic.com,Male,437-563-7780,South Africa,1/29/2012
49,Harri,Inman,hinman1c@parallels.com,Female,545-185-9925,Indonesia,3/12/2003
50,Lavina,Whiffen,lwhiffen1d@washingtonpost.com,Female,131-593-5715,Uganda,4/1/2012
51,Janice,Lerer,jlerer1e@trellian.com,Female,817-652-0577,Palestinian Territory,5/26/2011
52,Randie,Burth,rburth1f@blogspot.com,Male,907-100-0288,United States,9/2/2000
53,Tersina,Klink,tklink1g@moonfruit.com,Non-binary,525-702-4359,Russia,6/9/2008
54,Devinne,Carmichael,dcarmichael1h@sbwire.com,Female,904-889-5369,Russia,3/2/2006
55,Ardelis,Maytum,amaytum1i@economist.com,Female,106-852-7635,Indonesia,2/9/2001
56,Dalli,Cullinane,dcullinane1j@weebly.com,Genderqueer,886-655-6141,Sweden,2/16/2003
57,Risa,Badman,rbadman1k@google.co.jp,Female,946-210-8409,China,12/7/1999
58,Blancha,Standall,bstandall1l@google.de,Female,672-363-1016,Indonesia,10/25/1998
59,Dion,Lugton,dlugton1m@youku.com,Female,409-977-0552,Estonia,2/8/2012
60,Janene,Cota,jcota1n@springer.com,Female,127-921-5927,Venezuela,10/4/2001
61,Courtnay,Szimoni,cszimoni1o@etsy.com,Female,270-429-3983,Philippines,1/27/2004
62,Sigismondo,Maffione,smaffione1p@nih.gov,Male,792-840-7011,Myanmar,7/26/2006
63,Anna-diane,Woodus,awoodus1q@baidu.com,Female,892-885-4364,Peru,4/30/2008
64,Elisabeth,Emmatt,eemmatt1r@hud.gov,Polygender,390-270-0200,Dominica,1/9/2003
65,Vivi,De Mitri,vdemitri1s@hp.com,Female,574-575-4095,Brazil,1/12/2005
66,Jdavie,Gane,jgane1t@elegantthemes.com,Genderqueer,633-689-3041,Indonesia,6/17/2004
67,Rosemaria,Gamblin,rgamblin1u@ted.com,Female,386-114-9339,Philippines,7/17/2004
68,Rodina,Yurivtsev,ryurivtsev1v@people.com.cn,Female,593-544-8454,Brazil,11/5/2007
69,Sunny,Shirrell,sshirrell1w@ocn.ne.jp,Male,313-723-6275,Philippines,10/4/2008
70,Juan,Brose,jbrose1x@nhs.uk,Male,359-533-2510,Poland,7/22/2004
71,Lexine,Lackner,llackner1y@google.de,Female,334-626-3359,Russia,3/19/2011
72,Roze,Seeler,rseeler1z@apache.org,Female,611-907-1928,China,2/6/2012
73,Lola,Oakley,loakley20@bloglovin.com,Polygender,694-272-5387,Indonesia,9/21/2000
74,Evvie,Felderer,efelderer21@discovery.com,Female,603-174-0947,Dominican Republic,5/18/2011
75,Gallagher,Nalder,gnalder22@census.gov,Male,423-915-9253,Indonesia,1/28/2003
76,Chrysa,Mearing,cmearing23@prweb.com,Female,902-279-5579,France,3/16/2010
77,Arron,Kairns,akairns24@github.com,Male,169-350-7106,Russia,7/13/2003
78,Trixy,Hayne,thayne25@npr.org,Agender,831-318-8372,Philippines,12/24/2011
79,Zaccaria,Bratch,zbratch26@oracle.com,Male,592-899-0339,Belarus,4/17/2007
80,Rouvin,Skews,rskews27@purevolume.com,Male,930-730-4589,Indonesia,10/11/2001
81,Beaufort,Santora,bsantora28@yale.edu,Male,505-926-2127,Indonesia,4/18/2002
82,Valaree,Godsafe,vgodsafe29@netlog.com,Female,554-199-7563,China,12/25/2008
83,Art,McClaurie,amcclaurie2a@gravatar.com,Male,540-680-2592,Poland,3/3/2012
84,Emmalee,Medeway,emedeway2b@cocolog-nifty.com,Agender,176-397-7157,Comoros,4/14/2000
85,Henrieta,Priestner,hpriestner2c@ycombinator.com,Female,620-142-4114,Poland,2/7/2011
86,Jeffry,Wignall,jwignall2d@yahoo.com,Male,375-465-9262,Indonesia,1/5/2000
87,Jeanette,McGreay,jmcgreay2e@ning.com,Female,745-278-3981,China,3/22/2010
88,Johnnie,Purser,jpurser2f@nationalgeographic.com,Genderfluid,304-557-3374,Japan,1/26/2011
89,Teddie,Degoy,tdegoy2g@ebay.co.uk,Male,570-268-1837,Ecuador,8/5/2007
90,Cletis,Gantz,cgantz2h@loc.gov,Male,957-551-4115,Indonesia,2/1/2010
91,Marti,Pattrick,mpattrick2i@examiner.com,Female,234-620-4014,Philippines,4/22/2003
92,Willa,McClinton,wmcclinton2j@webs.com,Polygender,850-214-9256,Brazil,4/1/2010
93,Aksel,Cane,acane2k@marriott.com,Male,448-180-5433,China,11/16/2003
94,Cornell,Greenan,cgreenan2l@ft.com,Male,219-177-1863,China,9/23/2005
95,Hortensia,Roblett,hroblett2m@livejournal.com,Female,547-919-4633,Malaysia,2/16/1999
96,Garv,Litzmann,glitzmann2n@friendfeed.com,Male,413-583-9177,Argentina,12/16/2011
97,Margie,Raiston,mraiston2o@home.pl,Female,203-283-0248,Tajikistan,3/24/2008
98,Kahaleel,Pachta,kpachta2p@google.es,Male,876-183-7015,Indonesia,6/16/2001
99,Mano,Ellaway,mellaway2q@lycos.com,Male,171-632-1515,Ukraine,3/21/2007
100,Coleman,McKeag,cmckeag2r@adobe.com,Genderqueer,744-938-0027,Bolivia,10/12/2007
101,Marie,Bartosek,mbartosek2s@paginegialle.it,Female,962-742-4661,China,7/9/2006
102,Quintin,Whaymand,qwhaymand2t@moonfruit.com,Male,986-237-3687,Poland,10/28/2002
103,Ely,Pennetta,epennetta2u@is.gd,Genderfluid,873-942-7317,Bosnia and Herzegovina,5/3/2000
104,Arnie,Von Helmholtz,avonhelmholtz2v@spiegel.de,Male,570-350-3653,United States,6/29/2006
105,Lizzy,Jendricke,ljendricke2w@sina.com.cn,Female,569-712-0558,Indonesia,7/8/2002
106,Nedda,Orris,norris2x@reference.com,Female,252-416-8479,Thailand,10/16/2004
107,William,Aymes,waymes2y@marketwatch.com,Male,187-693-1649,Sweden,12/9/2008
108,Carroll,Ledram,cledram2z@blogspot.com,Male,353-951-8815,China,10/10/2009
109,Mario,Poyzer,mpoyzer30@ezinearticles.com,Male,660-844-3178,Nigeria,3/11/2006
110,Bartlett,Hands,bhands31@opera.com,Male,116-785-3396,Indonesia,10/21/1998
111,Artus,Jorgensen,ajorgensen32@tamu.edu,Male,910-557-7254,Philippines,4/11/2005
112,Roderick,Knolles-Green,rknollesgreen33@phpbb.com,Male,412-309-9942,Finland,3/11/2006
113,Davie,Ollerhead,dollerhead34@hatena.ne.jp,Male,718-236-7876,Guam,1/5/2000
114,Pearla,Raleston,praleston35@privacy.gov.au,Female,218-729-3937,France,9/27/2011
115,Hilliard,Dinsdale,hdinsdale36@i2i.jp,Male,116-941-2632,Guatemala,7/11/2002
116,Gram,Joblin,gjoblin37@diigo.com,Male,884-832-0540,France,4/24/2006
117,Mortimer,Britland,mbritland38@java.com,Male,460-467-1059,France,3/27/2001
118,Alberta,Manuello,amanuello39@amazon.co.jp,Female,804-264-5523,China,2/23/2009
119,Lorrin,McCafferky,lmccafferky3a@engadget.com,Female,712-493-6152,Philippines,6/23/2003
120,Jennifer,Portal,jportal3b@europa.eu,Genderfluid,353-845-5402,China,11/30/2009
121,Tabor,Karpfen,tkarpfen3c@blogtalkradio.com,Male,239-490-2031,Russia,11/5/2000
122,Georgette,Deller,gdeller3d@toplist.cz,Female,248-171-6032,Nigeria,6/2/2000
123,Tom,Panchen,tpanchen3e@washingtonpost.com,Male,480-148-8911,Finland,12/1/2001
124,Bill,Hubbuck,bhubbuck3f@businessinsider.com,Female,739-176-4967,Brazil,3/21/2011
125,Rafe,Senett,rsenett3g@baidu.com,Male,373-777-0578,Croatia,6/10/2004
126,Kristo,McCarthy,kmccarthy3h@fema.gov,Male,104-353-5371,Russia,6/7/2004
127,Eveleen,Heatlie,eheatlie3i@craigslist.org,Female,492-521-2001,Poland,1/28/2009
128,Cleon,Rodliff,crodliff3j@usda.gov,Male,411-996-0855,Indonesia,6/1/2012
129,Charlton,Mahy,cmahy3k@ft.com,Male,268-768-9585,Indonesia,9/18/2008
130,Ursala,Binnion,ubinnion3l@arizona.edu,Female,863-834-7279,China,2/2/2009
131,Friederike,Carruthers,fcarruthers3m@google.ca,Female,456-621-6560,Nigeria,6/2/2011
132,Hermione,Jentgens,hjentgens3n@stumbleupon.com,Female,122-157-2427,Russia,12/27/2010
133,Conroy,Swannie,cswannie3o@statcounter.com,Male,165-402-4289,Poland,5/10/2004
134,Leroy,Scottini,lscottini3p@salon.com,Male,903-411-8321,Australia,3/27/2010
135,Roselle,Livingstone,rlivingstone3q@facebook.com,Female,331-838-9500,Senegal,6/10/2000
136,Cymbre,D'Aulby,cdaulby3r@twitpic.com,Female,167-373-0929,Russia,3/11/2007
137,Rodge,Casswell,rcasswell3s@nymag.com,Male,190-134-0928,Ivory Coast,5/13/1999
138,Rona,Donnel,rdonnel3t@google.nl,Bigender,462-766-1544,Maldives,12/12/2006
139,Tobi,Eastes,teastes3u@t.co,Genderfluid,822-784-3166,Indonesia,3/12/2008
140,Madlen,Halsey,mhalsey3v@state.tx.us,Female,675-809-3495,Sweden,11/22/2002
141,Rochell,Klimp,rklimp3w@bizjournals.com,Female,701-915-3793,China,3/18/2012
142,Bird,Hargreave,bhargreave3x@vk.com,Female,595-399-8107,Uganda,6/6/2011
143,Drew,Taffurelli,dtaffurelli3y@skype.com,Male,218-944-0477,Netherlands,1/5/2006
144,Robers,Hehnke,rhehnke3z@businessweek.com,Male,709-959-5126,China,5/21/2008
145,Bidget,Sidle,bsidle40@whitehouse.gov,Female,882-157-8306,Tunisia,10/1/2000
146,Minnaminnie,Grimston,mgrimston41@altervista.org,Female,868-973-1961,China,11/25/2000
147,Cleo,Lunnon,clunnon42@phpbb.com,Female,928-829-6427,Russia,5/9/2004
148,Jedidiah,Verry,jverry43@sourceforge.net,Male,520-469-8438,Uganda,5/15/1999
149,Rudy,Winteringham,rwinteringham44@wikia.com,Male,442-826-9092,Zimbabwe,4/16/2011
150,Nani,Victory,nvictory45@de.vu,Agender,480-457-6161,Russia,12/19/2001
151,Kari,Grandham,kgrandham46@so-net.ne.jp,Female,539-759-9414,France,9/28/2000
152,Alick,McSwan,amcswan47@e-recht24.de,Male,785-830-3549,Nigeria,5/27/2010
153,Ode,Skate,oskate48@state.tx.us,Male,658-275-3722,China,12/22/2005
154,Marian,Skivington,mskivington49@stumbleupon.com,Genderfluid,509-415-4991,Aruba,7/27/2005
155,Elyse,Spridgen,espridgen4a@virginia.edu,Female,634-549-9131,Philippines,9/14/2007
156,Ragnar,Petherick,rpetherick4b@cpanel.net,Male,429-493-8221,Argentina,2/24/2009
157,Tim,Welch,twelch4c@bigcartel.com,Female,493-151-4941,Philippines,4/5/2005
158,Rene,Troni,rtroni4d@senate.gov,Male,758-246-2565,Germany,6/14/2002
159,Zea,Blazejewski,zblazejewski4e@bing.com,Female,399-320-1462,China,10/26/2010
160,Jeremie,Ruddin,jruddin4f@prnewswire.com,Male,632-420-4303,Brazil,8/10/2004
161,Andrea,Spriggen,aspriggen4g@home.pl,Polygender,423-565-4633,Bosnia and Herzegovina,2/6/2000
162,Jeramey,Shadfourth,jshadfourth4h@flickr.com,Male,776-303-5242,Pakistan,7/2/2001
163,Rowena,Ropars,rropars4i@1688.com,Genderqueer,490-164-9523,Philippines,10/15/2002
164,Shepherd,Marsh,smarsh4j@narod.ru,Male,247-362-4413,China,11/11/2006
165,Harriette,Everal,heveral4k@livejournal.com,Female,898-946-9186,Nigeria,1/16/2001
166,Alister,Capner,acapner4l@eventbrite.com,Male,881-251-1928,China,1/4/2008
167,Gerrie,Dugget,gdugget4m@bbb.org,Female,685-172-8681,Indonesia,5/16/2009
168,Wilt,Soutter,wsoutter4n@photobucket.com,Male,485-275-5374,Mexico,7/12/2006
169,Jakie,Owbrick,jowbrick4o@earthlink.net,Male,434-830-5115,France,5/31/2012
170,Muffin,McKevin,mmckevin4p@rakuten.co.jp,Male,523-395-0361,Poland,11/5/2001
171,Stacee,Richardes,srichardes4q@jigsy.com,Male,798-187-7592,Indonesia,6/13/2011
172,Carry,Coull,ccoull4r@bizjournals.com,Female,327-801-7712,France,7/31/2011
173,Anissa,Overland,aoverland4s@huffingtonpost.com,Female,977-726-9656,Croatia,12/7/2000
174,Somerset,Abbett,sabbett4t@zimbio.com,Male,573-699-7818,Angola,6/16/2006
175,Shelton,Jinkins,sjinkins4u@hp.com,Male,630-613-6583,United States,6/11/2012
176,Dell,Cristobal,dcristobal4v@deviantart.com,Male,564-207-6106,France,10/6/2002
177,Travus,Furbank,tfurbank4w@cbslocal.com,Male,707-780-1567,Cayman Islands,2/2/2007
178,Phil,Maciunas,pmaciunas4x@ezinearticles.com,Male,604-587-6996,Czech Republic,11/20/2000
179,Abram,Vernazza,avernazza4y@histats.com,Male,383-130-0251,China,2/22/2012
180,Tabina,Valler,tvaller4z@businessweek.com,Non-binary,892-189-1621,Norway,10/16/2008
181,Lesly,Macauley,lmacauley50@printfriendly.com,Female,521-566-1694,China,10/4/2001
182,Clayton,Gilpillan,cgilpillan51@imgur.com,Male,740-704-0972,Cambodia,11/20/2004
183,Elaina,Cockrem,ecockrem52@timesonline.co.uk,Female,135-534-0743,Belarus,5/4/2010
184,Astra,Dowgill,adowgill53@cam.ac.uk,Female,135-228-9250,Brazil,10/21/1999
185,Jehu,Isakov,jisakov54@drupal.org,Male,708-584-3625,France,6/4/2006
186,Zebulon,Benaine,zbenaine55@ihg.com,Male,537-480-2060,Poland,6/25/2002
187,Jorey,Wein,jwein56@springer.com,Female,572-993-5707,Namibia,1/2/2002
188,Sasha,Smieton,ssmieton57@typepad.com,Female,564-584-1377,Kosovo,12/3/1998
189,Duncan,Stonebanks,dstonebanks58@alibaba.com,Male,548-241-7244,France,6/12/2012
190,Aguistin,Lippiello,alippiello59@google.co.uk,Male,637-170-0345,China,2/10/2007
191,Elsa,Josland,ejosland5a@nymag.com,Female,774-974-5749,China,2/22/2011
192,Winonah,Barrott,wbarrott5b@stanford.edu,Female,376-189-7637,Poland,2/16/2007
193,Debby,Mapledoram,dmapledoram5c@npr.org,Female,458-120-0905,Republic of the Congo,6/4/1999
194,Janek,Kneale,jkneale5d@booking.com,Male,693-715-6953,Sweden,2/13/2000
195,Dietrich,Michallat,dmichallat5e@pen.io,Male,936-743-6776,Ukraine,12/20/2003
196,Lorenzo,Dooly,ldooly5f@over-blog.com,Male,326-905-0999,Indonesia,1/20/2009
197,Desi,Kharchinski,dkharchinski5g@mac.com,Male,362-667-9322,South Korea,11/22/2009
198,Lorianna,Guiot,lguiot5h@photobucket.com,Female,137-242-6142,Indonesia,6/22/2006
199,Beverley,Buret,bburet5i@yale.edu,Female,768-809-6834,Germany,11/28/2007
200,Magdalene,Kwiek,mkwiek5j@youku.com,Female,931-430-8051,Indonesia,12/20/2005
201,Kris,Shower,kshower5k@a8.net,Female,893-587-5500,Ireland,1/17/2009
202,Chandal,Gaydon,cgaydon5l@alibaba.com,Genderqueer,202-582-6299,United States,6/19/2008
203,Kippy,Gowen,kgowen5m@photobucket.com,Bigender,608-710-4098,Poland,2/24/1999
204,Rachel,Hammelberg,rhammelberg5n@arstechnica.com,Female,348-727-7905,China,11/9/2007
205,Anstice,Van De Cappelle,avandecappelle5o@dot.gov,Female,979-565-7542,Sweden,7/3/2009
206,Rodie,Simons,rsimons5p@nasa.gov,Female,342-192-5344,Brazil,6/19/2009
207,Lissie,Ricco,lricco5q@youtu.be,Female,771-121-0883,Japan,5/9/2001
208,Hamlin,Murkus,hmurkus5r@marriott.com,Male,381-876-3554,Sweden,12/25/2011
209,Zita,Brose,zbrose5s@dmoz.org,Female,690-642-6533,China,1/7/2004
210,Euell,Blumire,eblumire5t@spotify.com,Male,934-800-3220,France,8/1/2000
211,Trip,Branchflower,tbranchflower5u@free.fr,Male,238-451-8329,Finland,12/14/2006
212,Carolann,Giddy,cgiddy5v@zimbio.com,Female,663-824-5741,Indonesia,4/11/2000
213,Lenette,Leate,lleate5w@yellowbook.com,Female,664-530-5306,Greece,9/24/2000
214,Conrade,MacCrosson,cmaccrosson5x@xing.com,Male,336-108-0473,Brazil,9/5/2007
215,Darell,Keaves,dkeaves5y@intel.com,Female,858-511-0929,Indonesia,1/4/2004
216,Kendre,Checcuzzi,kcheccuzzi5z@psu.edu,Female,232-953-0923,China,4/6/2010
217,Daron,Mcsarry,dmcsarry60@woothemes.com,Male,229-445-1954,Indonesia,5/19/2010
218,Gerri,Akess,gakess61@lulu.com,Male,226-188-5986,Colombia,11/30/2011
219,Alexander,Mueller,amueller62@sun.com,Male,628-573-6316,Portugal,8/2/2003
220,Wolf,Maase,wmaase63@ameblo.jp,Male,858-667-5335,Mongolia,7/15/2011
221,Kendre,Tomenson,ktomenson64@com.com,Genderqueer,456-596-9591,Portugal,8/22/2002
222,Osbert,Swindle,oswindle65@paypal.com,Male,171-916-9251,Indonesia,8/19/2008
223,Chrissie,Biner,cbiner66@cdc.gov,Male,693-954-5005,Czech Republic,3/1/2004
224,Fax,Mayzes,fmayzes67@psu.edu,Male,319-443-5806,Ukraine,6/18/2005
225,Vilma,Bruhke,vbruhke68@51.la,Female,519-579-1164,Malawi,11/26/1998
226,Chet,Bonhill,cbonhill69@discovery.com,Male,342-367-8148,China,5/8/2007
227,Julita,Sallier,jsallier6a@microsoft.com,Female,353-354-7678,Mexico,12/20/2006
228,Marylinda,Gittis,mgittis6b@house.gov,Female,883-978-1290,Philippines,1/23/2008
229,Morey,Sutton,msutton6c@baidu.com,Male,355-293-8371,Palestinian Territory,6/2/2005
230,Curry,Rillett,crillett6d@time.com,Male,594-605-1914,Indonesia,10/20/2001
231,Ellwood,Scirman,escirman6e@meetup.com,Male,257-159-9959,Bangladesh,9/18/1998
232,Beitris,Macveigh,bmacveigh6f@fastcompany.com,Non-binary,146-552-0812,France,4/9/2012
233,Ann-marie,Gerrey,agerrey6g@xing.com,Female,506-984-2611,Poland,1/1/2009
234,Doroteya,Yanshonok,dyanshonok6h@php.net,Female,489-644-8025,Russia,4/19/2009
235,Arney,Maxfield,amaxfield6i@elegantthemes.com,Bigender,720-913-1138,Thailand,3/4/2003
236,Brian,Davall,bdavall6j@china.com.cn,Male,651-867-9895,Vietnam,10/27/2002
237,Marleah,Jervoise,mjervoise6k@timesonline.co.uk,Female,299-117-6167,Russia,10/11/1998
238,Vera,Capron,vcapron6l@tuttocitta.it,Agender,835-790-4285,China,11/30/1999
239,Cordey,Khrishtafovich,ckhrishtafovich6m@soundcloud.com,Female,406-999-5478,Norway,10/8/2003
240,Papageno,Hacket,phacket6n@apache.org,Male,914-641-3064,Greece,2/25/2002
241,Con,Powner,cpowner6o@hhs.gov,Male,558-738-8351,Finland,7/12/2010
242,Quintus,Hutchason,qhutchason6p@tumblr.com,Male,582-337-1140,France,11/27/2001
243,Wenda,Pfleger,wpfleger6q@wunderground.com,Female,303-289-8864,Philippines,9/20/2009
244,Kameko,Winn,kwinn6r@hostgator.com,Female,393-658-6132,Ireland,5/18/2005
245,Burr,Chavey,bchavey6s@bluehost.com,Bigender,458-644-9408,Brazil,5/4/2002
246,Sherline,Fennelly,sfennelly6t@chicagotribune.com,Female,254-623-4676,United States,1/19/2001
247,Horatio,Whilder,hwhilder6u@edublogs.org,Genderfluid,473-705-8802,Philippines,9/28/2010
248,Margret,Snaith,msnaith6v@ifeng.com,Female,481-387-2096,Cameroon,12/24/2010
249,Forrest,Jockle,fjockle6w@ft.com,Male,742-898-7961,Czech Republic,6/13/2001
250,Franciska,Ellcome,fellcome6x@walmart.com,Female,601-455-7040,France,5/28/2008
251,Niven,Regina,nregina6y@vistaprint.com,Male,379-327-0190,China,5/20/2009
252,Elmira,Gooding,egooding6z@people.com.cn,Female,119-916-7635,Russia,3/19/2000
253,Annabell,Reeman,areeman70@prlog.org,Female,929-195-5814,Philippines,8/1/2002
254,Alberik,Bugdell,abugdell71@wikipedia.org,Male,193-189-0627,Ivory Coast,11/1/1998
255,Beverly,Mateja,bmateja72@princeton.edu,Genderqueer,707-569-5079,Colombia,5/13/2010
256,Lucio,Whiley,lwhiley73@dagondesign.com,Male,855-937-1145,France,2/9/2010
257,Goraud,Towne,gtowne74@furl.net,Male,239-493-4008,China,7/30/2003
258,Davida,Adamovicz,dadamovicz75@cargocollective.com,Female,535-621-6073,Belarus,12/6/2009
259,Wilden,Farfoot,wfarfoot76@time.com,Male,983-907-7157,France,10/17/2011
260,Samuel,Shepherdson,sshepherdson77@google.com,Male,452-950-2955,China,12/24/2001
261,Holmes,Oxbie,hoxbie78@imdb.com,Male,291-304-7382,China,8/13/2004
262,Tabbi,Brezlaw,tbrezlaw79@infoseek.co.jp,Female,303-337-5015,Russia,8/15/2006
263,Moise,Grimme,mgrimme7a@apache.org,Male,637-978-2068,China,8/27/2008
264,Eydie,Toller,etoller7b@wsj.com,Female,211-719-5597,Costa Rica,6/13/2006
265,Freedman,Cowoppe,fcowoppe7c@privacy.gov.au,Male,869-373-3172,Indonesia,9/28/2005
266,Madelene,Ipsly,mipsly7d@mediafire.com,Genderqueer,992-597-6617,Russia,2/12/2007
267,Cairistiona,Jeacop,cjeacop7e@google.com.br,Female,120-296-0002,China,8/13/2001
268,Seka,Elies,selies7f@sakura.ne.jp,Female,533-990-6266,Ukraine,1/22/2012
269,Gilly,Frankowski,gfrankowski7g@51.la,Female,963-696-4724,Russia,12/26/1999
270,Aliza,Ellyatt,aellyatt7h@cloudflare.com,Female,896-282-9371,Croatia,9/26/2006
271,Rori,Butterfield,rbutterfield7i@patch.com,Female,686-644-6536,Brazil,11/10/2009
272,Lance,MacGillavery,lmacgillavery7j@cnbc.com,Male,333-612-8186,Argentina,10/17/2007
273,Austin,Badham,abadham7k@vinaora.com,Female,504-293-6430,Argentina,6/19/2008
274,Hewie,Bleakley,hbleakley7l@google.cn,Male,946-695-1938,El Salvador,12/1/2005
275,Boote,Larkworthy,blarkworthy7m@toplist.cz,Male,702-770-4369,China,12/3/2002
276,Nelli,Edworthy,nedworthy7n@g.co,Female,831-368-1479,Japan,7/7/2003
277,Jorry,Keaysell,jkeaysell7o@purevolume.com,Female,527-292-9490,Brazil,11/26/2011
278,Siobhan,Lyddiatt,slyddiatt7p@networksolutions.com,Female,917-446-4762,Russia,6/27/2000
279,Carlie,Clemenzo,cclemenzo7q@whitehouse.gov,Female,240-291-2180,Russia,5/21/2004
280,Addia,Brandt,abrandt7r@gnu.org,Female,990-219-0088,Indonesia,11/9/2008
281,Annora,Jickells,ajickells7s@stanford.edu,Female,380-656-9604,Brazil,9/3/2007
282,Mireielle,Brambell,mbrambell7t@creativecommons.org,Female,661-282-8601,Czech Republic,8/17/2010
283,Urson,Crame,ucrame7u@163.com,Male,998-854-4708,Portugal,8/18/2009
284,Danna,Gartsyde,dgartsyde7v@blogger.com,Female,322-445-1769,Colombia,9/16/2004
285,Dorice,Denisovo,ddenisovo7w@ihg.com,Non-binary,335-461-7513,China,6/10/2000
286,Hieronymus,Musicka,hmusicka7x@narod.ru,Male,255-303-9866,Thailand,8/18/2008
287,Hadria,Niset,hniset7y@si.edu,Female,378-561-4832,Namibia,8/22/2008
288,Grantham,MacIntosh,gmacintosh7z@unc.edu,Male,814-377-6701,Panama,9/11/2002
289,Sharla,Bassilashvili,sbassilashvili80@kickstarter.com,Female,345-434-6256,Cameroon,10/25/2003
290,Lynda,Chalcraft,lchalcraft81@thetimes.co.uk,Female,145-648-0097,Vietnam,7/31/2008
291,Chrissie,Mandell,cmandell82@google.com.au,Genderfluid,931-341-6491,Bulgaria,12/22/2006
292,Dorree,Husher,dhusher83@zdnet.com,Female,164-774-8953,Colombia,6/21/2002
293,Winfield,Yacobsohn,wyacobsohn84@cdc.gov,Male,975-152-6806,Japan,1/5/2002
294,Rahal,Taylerson,rtaylerson85@sfgate.com,Female,302-787-7292,Czech Republic,5/19/2008
295,Carlen,Lindgren,clindgren86@nsw.gov.au,Female,915-634-8898,Ukraine,9/4/2009
296,Parnell,Crowche,pcrowche87@ask.com,Male,552-421-8328,China,5/22/2008
297,Eward,Petrou,epetrou88@jalbum.net,Male,487-901-7123,Latvia,11/9/2005
298,Benoit,Standfield,bstandfield89@theguardian.com,Male,928-664-3533,France,6/28/2008
299,Tuckie,Siemons,tsiemons8a@nhs.uk,Male,187-369-2810,Russia,5/8/2012
300,Lemuel,Mullin,lmullin8b@about.com,Male,382-296-6623,Syria,2/3/1999
301,Hayyim,Dowtry,hdowtry8c@wikia.com,Male,525-834-5659,Latvia,6/6/2009
302,Ed,Sailor,esailor8d@gizmodo.com,Male,962-633-2145,Reunion,12/31/2011
303,Melva,Sails,msails8e@home.pl,Female,402-157-2308,United States,1/9/2007
304,Scott,Kleen,skleen8f@bing.com,Agender,119-872-3497,Canada,7/24/2008
305,Nikaniki,Donnellan,ndonnellan8g@independent.co.uk,Female,912-571-4447,Canada,7/24/2000
306,Lorraine,Blampied,lblampied8h@infoseek.co.jp,Female,461-584-0124,Philippines,2/5/2005
307,Peyter,Josef,pjosef8i@canalblog.com,Male,609-768-6269,China,6/17/2010
308,Erin,Checchetelli,echecchetelli8j@google.ca,Female,572-340-4286,Uzbekistan,10/3/2009
309,Brockie,Ewings,bewings8k@amazonaws.com,Male,520-240-7381,Argentina,11/12/2003
310,Bryana,Cooch,bcooch8l@ebay.co.uk,Female,802-487-5498,France,7/26/2008
311,Stephan,Butterfint,sbutterfint8m@webnode.com,Male,747-193-9668,Russia,6/25/2004
312,Weidar,Spellard,wspellard8n@bandcamp.com,Male,420-287-3452,Poland,2/21/2004
313,Elston,Felkin,efelkin8o@mediafire.com,Male,168-786-3378,Russia,7/8/1999
314,Salomo,McMinn,smcminn8p@friendfeed.com,Male,293-348-5524,Nigeria,10/28/2007
315,Errol,Ravens,eravens8q@wikia.com,Male,287-440-5079,Argentina,10/22/2000
316,Skell,Ruzicka,sruzicka8r@tuttocitta.it,Male,950-724-4685,France,3/13/2007
317,Bridget,Leavesley,bleavesley8s@gnu.org,Female,575-155-4813,China,2/8/2011
318,Ettie,Berford,eberford8t@state.gov,Female,367-904-6133,Russia,9/2/2000
319,Cornell,Karolewski,ckarolewski8u@wikimedia.org,Male,626-512-3951,United States,7/21/2007
320,Tonye,Artz,tartz8v@wiley.com,Female,965-849-5559,China,1/6/2006
321,Ad,Ayers,aayers8w@ning.com,Male,428-603-4588,Tanzania,8/26/2003
322,Nanon,Grundell,ngrundell8x@joomla.org,Female,284-536-7472,Tanzania,5/5/2008
323,Mavis,Reboul,mreboul8y@cpanel.net,Female,775-596-1385,China,12/23/2004
324,Bethanne,Mattek,bmattek8z@adobe.com,Female,430-244-4352,Sweden,12/7/2002
325,Nolana,Allbones,nallbones90@usa.gov,Female,809-336-5490,China,8/19/2008
326,Benedick,Hooke,bhooke91@wired.com,Agender,496-149-4324,Indonesia,7/20/2006
327,Alvis,Tyndall,atyndall92@github.io,Male,494-497-9959,China,5/4/1999
328,Vick,McGilbon,vmcgilbon93@about.me,Male,522-304-4891,Cuba,5/22/2005
329,Michail,Ladyman,mladyman94@wsj.com,Male,279-361-8330,Czech Republic,11/17/2000
330,Devan,Mulmuray,dmulmuray95@wordpress.com,Female,701-778-0227,Japan,5/10/2005
331,Corney,Seivertsen,cseivertsen96@hibu.com,Male,992-368-2394,Sweden,7/10/2005
332,North,Grizard,ngrizard97@merriam-webster.com,Genderfluid,546-645-5716,Indonesia,10/6/2011
333,Morlee,Dinneges,mdinneges98@eventbrite.com,Male,646-237-6240,Portugal,8/23/2000
334,Rowan,Brommage,rbrommage99@123-reg.co.uk,Male,223-581-2609,Bulgaria,2/14/2003
335,Donielle,Warbys,dwarbys9a@hud.gov,Female,303-807-7895,United States,7/5/2008
336,Kimberli,O'Quin,koquin9b@sun.com,Female,272-973-5261,El Salvador,8/25/2003
337,Early,Goncaves,egoncaves9c@upenn.edu,Male,673-861-0104,China,9/3/2006
338,Barby,Witherspoon,bwitherspoon9d@typepad.com,Female,882-900-4311,Indonesia,8/13/2004
339,Rozina,Mackstead,rmackstead9e@bbc.co.uk,Female,913-176-3106,Swaziland,12/30/2000
340,Beck,Buxy,bbuxy9f@mayoclinic.com,Male,367-780-2486,Indonesia,7/12/2003
341,Nicolai,Howler,nhowler9g@auda.org.au,Male,724-191-9791,China,1/23/2006
342,Corinne,McConachie,cmcconachie9h@altervista.org,Genderfluid,958-214-4890,Russia,4/22/2001
343,Zoe,Vittet,zvittet9i@redcross.org,Female,903-774-3564,Macedonia,10/26/2000
344,Duncan,Sutherns,dsutherns9j@boston.com,Male,253-953-1602,Brazil,2/18/2002
345,Pryce,Eckersall,peckersall9k@weather.com,Male,478-179-0424,Russia,11/14/2001
346,Gypsy,Edensor,gedensor9l@1und1.de,Female,394-341-1850,Philippines,6/8/2009
347,Giffie,Wilmore,gwilmore9m@zdnet.com,Male,439-312-3294,Russia,8/23/2000
348,Leeann,Mattiazzo,lmattiazzo9n@cnn.com,Female,968-818-4285,Indonesia,3/6/2006
349,Cindie,Mc Gorley,cmcgorley9o@economist.com,Female,590-189-9388,Brazil,7/27/2005
350,Tomasine,Tumpane,ttumpane9p@aboutads.info,Female,547-697-3249,France,8/5/2003
351,Brooke,Nassau,bnassau9q@homestead.com,Male,350-349-9254,Indonesia,5/15/2012
352,Peter,Frankis,pfrankis9r@lulu.com,Bigender,627-917-3478,Bolivia,9/26/2007
353,Guenevere,Eaden,geaden9s@skyrock.com,Non-binary,791-270-5285,Ukraine,11/10/2007
354,Jesus,Jutson,jjutson9t@vimeo.com,Male,401-332-2288,Philippines,10/30/1999
355,Brewster,Collcutt,bcollcutt9u@slashdot.org,Male,268-703-2595,Poland,8/15/2006
356,Zoe,Pogue,zpogue9v@sitemeter.com,Female,365-348-1835,Russia,11/17/2004
357,Jayson,McGorman,jmcgorman9w@printfriendly.com,Male,691-196-8119,Portugal,10/30/2004
358,Karel,Orhrt,korhrt9x@eventbrite.com,Male,186-477-2700,France,10/25/2009
359,Fredric,Robic,frobic9y@disqus.com,Male,879-746-6622,Iceland,5/8/2009
360,Krishnah,Huggill,khuggill9z@tinyurl.com,Male,172-604-1555,Russia,2/24/2005
361,Alice,Lougheed,alougheeda0@google.cn,Female,655-224-0222,Kiribati,9/6/2006
362,Hannis,Dunkerton,hdunkertona1@pinterest.com,Female,407-555-3953,United States,5/30/2011
363,Tommie,Blare,tblarea2@newyorker.com,Female,763-148-5684,United States,8/28/2000
364,Jacquelynn,Redit,jredita3@dmoz.org,Female,783-621-1383,Colombia,12/9/2002
365,Rianon,McRinn,rmcrinna4@homestead.com,Female,613-445-1490,Canada,1/9/2001
366,Star,Kacheller,skachellera5@51.la,Bigender,800-542-2931,Japan,7/9/2001
367,Aldous,Sleeford,asleeforda6@blogtalkradio.com,Male,241-698-5463,China,11/7/2011
368,Carlin,Rosenkrantz,crosenkrantza7@si.edu,Female,256-183-1500,Brazil,4/14/2008
369,Nariko,Bigrigg,nbigrigga8@wp.com,Female,885-274-4812,Egypt,3/22/2004
370,Nicholle,Simmance,nsimmancea9@squidoo.com,Female,161-792-5814,Brazil,8/9/2009
371,Caye,Bromby,cbrombyaa@deliciousdays.com,Female,575-105-5012,Egypt,1/3/2011
372,Jen,Gazzard,jgazzardab@google.it,Female,916-454-2790,Zimbabwe,2/14/2007
373,Osborn,Solan,osolanac@skyrock.com,Male,775-674-7434,Ukraine,1/8/2008
374,Lea,Pidgeley,lpidgeleyad@google.nl,Female,723-195-2746,China,9/28/1999
375,Amelita,Ungerecht,aungerechtae@paypal.com,Female,666-484-0253,Philippines,2/20/2001
376,My,Robbe,mrobbeaf@t.co,Male,779-897-4647,Bulgaria,2/21/2006
377,Lily,Jodrellec,ljodrellecag@home.pl,Polygender,838-437-2202,Hungary,6/20/2005
378,Nert,Belward,nbelwardah@163.com,Female,186-829-9762,Indonesia,9/27/2001
379,Will,Woollin,wwoollinai@soundcloud.com,Male,687-505-6325,China,9/23/2004
380,Bogey,Keets,bkeetsaj@google.com.au,Male,269-836-3071,Ukraine,8/1/2003
381,Gisela,Stanman,gstanmanak@ucoz.ru,Female,322-500-1949,Russia,1/5/2005
382,Ulick,Metcalf,umetcalfal@indiegogo.com,Male,366-667-1720,Indonesia,2/11/2011
383,Frasquito,Linn,flinnam@goo.gl,Male,711-320-5941,Botswana,2/26/2008
384,Timmie,Crowhurst,tcrowhurstan@independent.co.uk,Male,963-158-7568,Canada,7/10/1999
385,Zerk,Pozzo,zpozzoao@apple.com,Male,635-538-6227,Indonesia,9/7/2004
386,Quentin,Dubbin,qdubbinap@java.com,Non-binary,686-488-3561,Brazil,6/16/2007
387,Mommy,Boggs,mboggsaq@reference.com,Female,534-940-5736,Russia,11/16/2009
388,Berget,Breeton,bbreetonar@is.gd,Female,524-652-8393,Slovenia,6/5/2003
389,Early,Mewis,emewisas@1688.com,Male,829-986-1027,Trinidad and Tobago,10/15/2004
390,Maggie,Roistone,mroistoneat@prnewswire.com,Female,687-379-3475,France,8/26/2009
391,Ailbert,Osmint,aosmintau@prweb.com,Male,275-745-5326,Latvia,9/15/2006
392,Robyn,Blaycock,rblaycockav@xinhuanet.com,Female,991-493-5494,China,9/3/1999
393,Daphne,Wife,dwifeaw@g.co,Female,980-341-6210,Kazakhstan,6/11/2009
394,Kissiah,Tupp,ktuppax@sciencedaily.com,Female,181-157-3331,Peru,9/5/2008
395,Marc,Goldhill,mgoldhillay@opera.com,Male,960-148-7386,Portugal,9/13/2011
396,Fin,Zorzutti,fzorzuttiaz@webeden.co.uk,Male,906-369-9187,Vietnam,1/17/1999
397,Marcel,Reddel,mreddelb0@ifeng.com,Male,571-483-5204,United States,7/31/2002
398,Brigg,Raeburn,braeburnb1@accuweather.com,Male,997-337-8549,Russia,7/26/2001
399,Charlotte,Goose,cgooseb2@cnet.com,Female,712-490-0845,France,9/20/2002
400,Yvon,Casley,ycasleyb3@posterous.com,Male,916-585-9667,Indonesia,5/12/2001
401,Baxter,Tuckwood,btuckwoodb4@bizjournals.com,Male,797-330-7684,South Africa,3/21/2000
402,Isaak,Maleby,imalebyb5@nsw.gov.au,Male,708-847-2321,Czech Republic,9/30/2003
403,Deeann,Salmoni,dsalmonib6@bbc.co.uk,Female,480-610-2574,Kyrgyzstan,5/20/2004
404,Edita,Eighteen,eeighteenb7@soundcloud.com,Female,501-178-3620,Poland,6/20/2008
405,Harvey,Alderwick,halderwickb8@wufoo.com,Bigender,324-392-1544,Philippines,8/23/2001
406,Leigh,Dyball,ldyballb9@icq.com,Male,912-893-2164,China,4/21/2009
407,Claude,Shervil,cshervilba@lulu.com,Female,679-241-3035,Indonesia,4/6/2008
408,Edith,Feben,efebenbb@go.com,Female,696-417-0009,Kazakhstan,11/5/2005
409,Augusta,McAsgill,amcasgillbc@usda.gov,Female,676-277-9646,Philippines,3/14/2007
410,Carmelle,Nicklinson,cnicklinsonbd@globo.com,Female,326-630-6096,Zimbabwe,12/30/2001
411,Raychel,McLeman,rmclemanbe@yahoo.com,Female,937-212-2793,Philippines,2/11/2007
412,Emmanuel,Maker,emakerbf@twitter.com,Male,661-802-8736,China,11/26/2006
413,Nicole,O'Corhane,nocorhanebg@themeforest.net,Female,557-735-6970,Morocco,7/22/2011
414,Nate,Gadsden,ngadsdenbh@sciencedaily.com,Male,376-127-2203,Philippines,6/24/2009
415,Allard,Filipic,afilipicbi@wired.com,Male,590-723-6155,Philippines,6/30/2004
416,Halsy,Ferrolli,hferrollibj@google.com.au,Male,976-173-1130,Sweden,7/4/2007
417,Bethany,Cann,bcannbk@mozilla.org,Female,897-706-7638,Ethiopia,5/1/2011
418,Timoteo,Bolwell,tbolwellbl@sourceforge.net,Male,618-839-2720,Croatia,4/14/2009
419,Glennie,Gullane,ggullanebm@nps.gov,Female,399-796-9870,Cuba,6/23/2007
420,Stefania,Crispe,scrispebn@marriott.com,Female,920-386-9316,Comoros,9/13/2010
421,Marjy,Cheater,mcheaterbo@instagram.com,Female,529-887-3025,France,6/21/2002
422,Bennie,Tweedie,btweediebp@1688.com,Male,702-831-5201,Ireland,1/12/2006
423,Queenie,Kellegher,qkellegherbq@free.fr,Female,828-787-1065,Russia,5/16/2008
424,Nixie,Gleave,ngleavebr@army.mil,Non-binary,566-164-3152,Slovenia,12/19/2002
425,Brion,Barltrop,bbarltropbs@europa.eu,Male,741-872-2532,Panama,4/27/2011
426,Del,Rudeyeard,drudeyeardbt@redcross.org,Male,318-979-6858,Russia,8/21/2004
427,Bobine,Spilling,bspillingbu@livejournal.com,Female,793-340-5561,China,11/6/2003
428,Syman,Brennans,sbrennansbv@multiply.com,Male,292-500-6329,China,10/2/2003
429,Melly,Pawlaczyk,mpawlaczykbw@wsj.com,Female,699-530-8140,Macedonia,8/15/2006
430,Wilbur,Lindback,wlindbackbx@de.vu,Male,911-630-7168,Brazil,6/18/2002
431,Geordie,Penni,gpenniby@biglobe.ne.jp,Male,310-816-8315,China,7/12/2010
432,Dianne,Baumford,dbaumfordbz@sciencedaily.com,Female,586-438-2438,Finland,11/10/1998
433,Annamarie,Tombling,atomblingc0@hp.com,Female,558-685-3316,Kazakhstan,8/21/2004
434,Cassandra,Escalera,cescalerac1@cisco.com,Female,693-354-9257,Russia,5/28/2006
435,Sherri,Ubee,subeec2@twitter.com,Female,708-921-0570,Czech Republic,6/24/2002
436,Lanie,Filipychev,lfilipychevc3@msu.edu,Genderfluid,825-215-8826,Russia,11/18/2003
437,Abbot,Farnish,afarnishc4@hao123.com,Male,675-752-4301,Ireland,2/4/2005
438,Gibb,Sommerly,gsommerlyc5@so-net.ne.jp,Male,107-310-6992,Germany,12/23/2002
439,Danita,Biernacki,dbiernackic6@vk.com,Female,887-672-6018,Finland,4/10/1999
440,Jarvis,Shellsheere,jshellsheerec7@google.com.au,Male,448-753-9723,Thailand,4/23/2005
441,Cherilyn,Fawdry,cfawdryc8@cornell.edu,Female,765-348-2954,Philippines,10/22/1998
442,Ruthe,Loweth,rlowethc9@mapy.cz,Female,787-637-6147,Russia,5/5/2001
443,Quinlan,Witten,qwittenca@nature.com,Male,949-930-2951,Indonesia,11/13/2005
444,Ad,Duthie,aduthiecb@sogou.com,Male,461-521-8058,China,7/8/2011
445,Chaim,Juliano,cjulianocc@guardian.co.uk,Male,372-731-2463,Burkina Faso,5/7/2003
446,Wanda,Bouzan,wbouzancd@is.gd,Female,561-706-6588,Philippines,2/11/2007
447,Stephani,Simmank,ssimmankce@behance.net,Female,888-981-9855,Portugal,10/22/2003
448,Carole,Lenchenko,clenchenkocf@networkadvertising.org,Female,538-208-1109,Czech Republic,9/21/2001
449,Barnett,Slimming,bslimmingcg@symantec.com,Male,601-519-3943,United States,9/3/1999
450,Steve,Sam,ssamch@wp.com,Male,543-611-0071,Indonesia,4/6/2005
451,Suzanna,d' Elboux,sdelbouxci@livejournal.com,Female,480-338-4856,China,9/8/2002
452,Coop,Fossey,cfosseycj@123-reg.co.uk,Male,249-539-6977,China,6/1/1999
453,Stanislaus,Yeend,syeendck@cnbc.com,Male,553-487-3929,China,1/23/2004
454,Nina,Itzkovwich,nitzkovwichcl@webnode.com,Female,851-763-9101,Philippines,2/17/2002
455,Caleb,Plampeyn,cplampeyncm@e-recht24.de,Male,130-108-0590,Peru,7/21/2000
456,Krystalle,Maffiotti,kmaffiotticn@weibo.com,Female,548-871-3075,China,1/22/2002
457,Gwenni,Mallion,gmallionco@toplist.cz,Female,141-727-7276,China,3/25/2000
458,Dionis,Gronaller,dgronallercp@photobucket.com,Female,904-555-9068,United States,1/6/2007
459,Page,Phillps,pphillpscq@accuweather.com,Female,304-700-0722,Portugal,7/10/2006
460,Bettine,Groombridge,bgroombridgecr@oracle.com,Female,495-873-4500,China,1/20/2004
461,Donnell,Parton,dpartoncs@guardian.co.uk,Male,665-240-2287,Poland,6/7/2012
462,Ive,Wasmuth,iwasmuthct@netscape.com,Male,976-933-4874,China,11/28/2000
463,Carly,Aggas,caggascu@army.mil,Female,725-272-1576,Indonesia,12/13/2007
464,Selene,Albers,salberscv@wiley.com,Female,937-924-7815,China,1/29/2002
465,Gisella,Burkin,gburkincw@google.com.hk,Genderqueer,245-668-1143,Canada,4/25/2000
466,Ashly,Falkingham,afalkinghamcx@edublogs.org,Female,783-776-6808,Philippines,4/22/2011
467,Maurita,MacGebenay,mmacgebenaycy@taobao.com,Female,110-649-3587,Ukraine,2/13/2007
468,Nat,Vakhrushev,nvakhrushevcz@ed.gov,Male,197-873-8109,Mexico,5/4/2012
469,Randee,Murty,rmurtyd0@topsy.com,Female,990-970-4278,China,11/14/2004
470,Candy,Draper,cdraperd1@netlog.com,Female,556-718-2542,Ukraine,12/9/2006
471,Keriann,Tomaino,ktomainod2@facebook.com,Female,706-488-6783,Nigeria,5/28/2004
472,Eleen,Hawley,ehawleyd3@sciencedirect.com,Non-binary,834-557-9156,France,1/4/2001
473,Kiah,Worssam,kworssamd4@com.com,Female,704-186-8416,Indonesia,3/20/2008
474,Clarissa,Hamly,chamlyd5@apple.com,Female,100-512-6807,China,9/2/2004
475,Forester,Oslar,foslard6@wp.com,Male,158-399-2502,Russia,12/18/2000
476,Cy,Mizzi,cmizzid7@ycombinator.com,Male,163-142-4867,Brazil,10/29/2003
477,Chick,Weiss,cweissd8@sun.com,Male,250-584-8825,Iran,10/2/1999
478,Kaycee,Ogg,koggd9@wikispaces.com,Female,870-845-6582,China,2/19/2006
479,Gwenora,Wholesworth,gwholesworthda@ebay.co.uk,Female,794-141-4463,Philippines,10/15/2009
480,Anette,Glandfield,aglandfielddb@google.it,Female,116-475-0603,Afghanistan,9/13/2009
481,Abbie,Duncombe,aduncombedc@census.gov,Male,821-981-0184,Indonesia,4/14/2009
482,Garnet,Sainsbury,gsainsburydd@odnoklassniki.ru,Female,681-604-7284,Philippines,9/19/1998
483,Arley,Thompkins,athompkinsde@lulu.com,Male,762-471-7492,China,2/2/2011
484,Levey,Giffard,lgiffarddf@umn.edu,Male,280-885-3685,Sweden,9/18/2002
485,Camella,Gillbey,cgillbeydg@huffingtonpost.com,Female,628-114-6794,Moldova,8/7/2005
486,Fran,Polley,fpolleydh@flavors.me,Female,618-901-8977,Azerbaijan,6/12/2004
487,Jobina,De la Feld,jdelafelddi@over-blog.com,Female,216-207-4834,Tajikistan,10/23/1998
488,Essa,Renner,erennerdj@so-net.ne.jp,Female,588-945-1618,Nicaragua,9/24/2001
489,Piotr,Deshon,pdeshondk@miibeian.gov.cn,Polygender,728-356-2611,Palestinian Territory,11/29/2009
490,Tate,Dregan,tdregandl@unicef.org,Female,448-575-8269,China,5/14/2008
491,Emile,Patriskson,epatrisksondm@cnbc.com,Male,926-753-8662,China,9/18/1999
492,Aryn,Tivers,ativersdn@phpbb.com,Female,660-210-9768,China,4/13/2001
493,Daron,Chadwick,dchadwickdo@apache.org,Female,912-754-7404,China,5/13/2008
494,Bryce,Yorston,byorstondp@storify.com,Male,102-513-0150,Venezuela,1/19/2010
495,Corinne,Jaram,cjaramdq@google.de,Non-binary,193-335-4521,Portugal,10/25/2007
496,Marjie,Jahnig,mjahnigdr@businessinsider.com,Female,538-403-2718,Albania,4/20/2011
497,Bevin,Wewell,bwewellds@canalblog.com,Male,814-426-6928,Croatia,4/29/2002
498,Ertha,Quaintance,equaintancedt@weibo.com,Female,890-970-3964,Uganda,3/13/2007
499,Perl,Boswell,pboswelldu@bizjournals.com,Female,493-236-3508,Russia,6/16/2012
500,Iago,Skipping,iskippingdv@a8.net,Male,703-180-2924,Japan,8/13/2004
501,Eberto,Stopps,estoppsdw@1688.com,Male,623-156-9145,Norway,1/29/2010
502,Dimitry,MacCathay,dmaccathaydx@cbsnews.com,Male,242-247-2199,Indonesia,2/1/2007
503,Rosamond,Sorley,rsorleydy@amazon.de,Bigender,406-213-4002,Philippines,10/20/2000
504,Joice,Swenson,jswensondz@mozilla.org,Female,500-298-0941,China,7/5/1999
505,Virge,Maddock,vmaddocke0@lulu.com,Male,883-527-4602,Micronesia,7/14/2004
506,Sybil,O'Doherty,sodohertye1@list-manage.com,Genderqueer,730-756-5320,Kazakhstan,6/16/2010
507,Olenolin,Weatherhead,oweatherheade2@storify.com,Male,981-695-8376,Sweden,9/28/2003
508,Pamelina,Pickle,ppicklee3@last.fm,Female,704-808-0882,United States,4/30/2005
509,Rana,Bevir,rbevire4@paypal.com,Agender,693-522-3255,Russia,8/10/1999
510,Melamie,Bateup,mbateupe5@devhub.com,Female,778-636-1083,Poland,6/23/2002
511,Reggie,Korejs,rkorejse6@acquirethisname.com,Male,720-653-9024,Morocco,4/15/2010
512,Ursa,Callis,ucallise7@ibm.com,Female,516-847-6678,United States,4/23/2001
513,Pepi,Wrintmore,pwrintmoree8@abc.net.au,Female,495-609-8064,Honduras,3/8/2009
514,Brander,Pascow,bpascowe9@4shared.com,Male,450-555-5112,Uzbekistan,4/19/2003
515,Xenos,Dance,xdanceea@cnet.com,Male,430-599-7829,Japan,4/17/2008
516,Alan,Aldie,aaldieeb@istockphoto.com,Male,810-880-2763,Albania,1/20/2011
517,Ali,Peasegod,apeasegodec@earthlink.net,Male,719-365-2878,China,4/23/2004
518,Natty,Snasel,nsnaseled@topsy.com,Male,518-420-4492,Tunisia,1/6/2002
519,Mercie,Tome,mtomeee@cnbc.com,Female,618-165-8221,Finland,5/24/2005
520,Kessia,Rainsdon,krainsdonef@bigcartel.com,Female,856-952-8675,Indonesia,12/26/1999
521,Cyril,Norcutt,cnorcutteg@wordpress.org,Bigender,917-979-3795,Serbia,4/9/2007
522,Christy,Crofts,ccroftseh@google.fr,Female,108-357-0360,Indonesia,1/13/2004
523,Olia,Applebee,oapplebeeei@guardian.co.uk,Female,909-627-1840,Brazil,6/7/2009
524,Kennedy,Allanby,kallanbyej@usda.gov,Male,460-563-7740,Pakistan,7/7/2012
525,Kristofor,MacGaughie,kmacgaughieek@deviantart.com,Male,459-625-9014,Philippines,8/12/2001
526,Josee,Malan,jmalanel@nhs.uk,Female,997-380-6575,China,11/11/2005
527,Jaime,Norval,jnorvalem@blogger.com,Female,795-849-8073,Lebanon,2/3/2005
528,Godiva,Skillanders,gskillandersen@google.ca,Female,276-889-3527,Canada,6/10/2005
529,Phylys,Guitton,pguittoneo@goodreads.com,Genderqueer,583-760-8874,Russia,8/10/2003
530,Bernardo,Braune,bbrauneep@cafepress.com,Male,694-226-8200,China,1/11/2001
531,Eilis,De Robertis,ederobertiseq@squidoo.com,Female,378-837-3360,France,7/22/2002
532,Ahmad,Ackermann,aackermanner@chicagotribune.com,Male,247-161-4145,Philippines,10/30/2009
533,Fairfax,Dobbin,fdobbines@yellowpages.com,Male,523-390-5372,Armenia,5/4/2003
534,Dorise,Gartsyde,dgartsydeet@toplist.cz,Female,807-820-3683,China,2/20/2012
535,Roxana,McGahern,rmcgaherneu@state.gov,Female,617-147-2249,Colombia,6/10/2011
536,Osbert,Cissell,ocissellev@usa.gov,Male,355-249-6870,Mexico,5/11/2002
537,Thorpe,Heeley,theeleyew@merriam-webster.com,Male,375-366-5928,Palestinian Territory,3/8/2005
538,Yorke,Whetnell,ywhetnellex@nytimes.com,Male,146-974-4991,Indonesia,10/22/2001
539,Anatola,Badgers,abadgersey@techcrunch.com,Female,540-598-2016,China,12/18/2004
540,Bobina,Kervin,bkervinez@addtoany.com,Female,970-423-3792,Brazil,4/24/2005
541,Cass,Swynfen,cswynfenf0@weebly.com,Female,820-972-9016,China,9/22/2006
542,Tripp,McPhillimey,tmcphillimeyf1@berkeley.edu,Male,668-633-2309,Malaysia,12/12/2009
543,Milo,Van den Broek,mvandenbroekf2@scientificamerican.com,Genderfluid,210-811-0592,Guatemala,7/14/2009
544,Maximo,Aust,maustf3@tiny.cc,Male,675-331-5658,Philippines,11/18/2001
545,Penny,Desporte,pdesportef4@i2i.jp,Female,598-416-1234,Palestinian Territory,8/28/2011
546,Zsazsa,Gately,zgatelyf5@sitemeter.com,Female,545-749-1167,Brazil,4/8/2001
547,Robbert,Bullingham,rbullinghamf6@yale.edu,Male,915-325-6960,Canada,3/11/2008
548,Herschel,Weddup,hweddupf7@miitbeian.gov.cn,Male,942-537-0160,Ghana,3/8/2008
549,Dacy,Tinston,dtinstonf8@homestead.com,Female,418-508-9665,Philippines,7/26/2012
550,Emmery,Matczak,ematczakf9@harvard.edu,Male,819-651-9645,Poland,9/6/2003
551,Gardner,Cotta,gcottafa@nasa.gov,Male,535-590-1436,Argentina,5/18/2009
552,Krishnah,Cattellion,kcattellionfb@youtube.com,Male,970-503-3296,Cameroon,7/21/2008
553,Darrick,Smythin,dsmythinfc@networkadvertising.org,Male,803-596-8737,Philippines,6/23/2001
554,Millisent,Pellett,mpellettfd@noaa.gov,Female,997-978-3383,Mexico,8/26/2007
555,Essa,Deroche,ederochefe@last.fm,Female,743-313-6642,China,7/19/2003
556,Fan,Crepel,fcrepelff@digg.com,Female,813-398-2206,China,11/15/2010
557,Wilmer,Pariso,wparisofg@biblegateway.com,Male,922-121-0688,China,5/14/2011
558,Martha,Asson,massonfh@fastcompany.com,Female,394-726-1732,Iran,3/2/2009
559,Wenona,Gillings,wgillingsfi@statcounter.com,Female,857-634-3660,Portugal,7/7/2009
560,Salem,Drohun,sdrohunfj@purevolume.com,Male,145-694-0658,Indonesia,5/5/2007
561,Filip,Clemont,fclemontfk@twitter.com,Male,117-116-8803,China,7/21/2011
562,Evelyn,Gather,egatherfl@elegantthemes.com,Female,162-438-7594,China,12/22/2007
563,Verena,Barnett,vbarnettfm@51.la,Bigender,999-714-2025,Bulgaria,7/10/2002
564,Shea,Jiracek,sjiracekfn@umn.edu,Male,621-362-3919,China,4/1/1999
565,Burnaby,Chesters,bchestersfo@ovh.net,Non-binary,865-448-5915,Indonesia,2/23/2010
566,Brandy,Ruprich,bruprichfp@google.com.br,Female,863-882-8915,Sweden,10/11/2004
567,Livvyy,Ivkovic,livkovicfq@vinaora.com,Female,121-630-4057,South Korea,6/16/2001
568,Rickey,Granville,rgranvillefr@google.co.uk,Male,366-362-9907,Mexico,8/22/2009
569,Sarajane,Lowdeane,slowdeanefs@gravatar.com,Genderqueer,483-631-1047,Syria,7/28/2008
570,Mickey,Dorning,mdorningft@bbb.org,Male,831-554-7673,France,6/7/2011
571,Abraham,Cordeau],acordeaufu@china.com.cn,Male,744-594-0111,Russia,12/24/2010
572,Marwin,Jachimiak,mjachimiakfv@wisc.edu,Male,378-791-0588,Colombia,8/17/1998
573,Eberhard,Hablet,ehabletfw@smh.com.au,Male,813-100-8464,Malaysia,12/17/2003
574,Risa,O'Hannay,rohannayfx@mac.com,Female,199-846-0023,Indonesia,4/12/2006
575,Faye,Capron,fcapronfy@umn.edu,Female,935-793-2978,Tanzania,1/11/2001
576,Venita,Keep,vkeepfz@washingtonpost.com,Female,830-337-7677,Brazil,11/10/2005
577,Yves,Azema,yazemag0@delicious.com,Male,341-170-6001,Zambia,9/3/2010
578,Padriac,Slimon,pslimong1@youtube.com,Male,111-629-3915,Mauritius,10/2/2005
579,Amble,Weiss,aweissg2@ycombinator.com,Male,478-610-9607,China,11/28/2007
580,Osborne,Lamba,olambag3@bandcamp.com,Male,632-605-5104,Germany,7/31/2005
581,Rayner,Haking,rhakingg4@t-online.de,Genderqueer,193-444-5821,China,7/2/2003
582,Tova,Iltchev,tiltchevg5@vkontakte.ru,Female,453-218-5247,Argentina,10/16/2001
583,Sissie,Obern,soberng6@engadget.com,Female,429-643-3505,China,2/22/2008
584,Dulcy,Vanyutin,dvanyuting7@fastcompany.com,Female,936-890-5606,Kenya,4/28/2003
585,Elena,Kach,ekachg8@a8.net,Female,969-818-4980,Indonesia,9/9/1998
586,Kacie,Osbaldeston,kosbaldestong9@tinyurl.com,Female,816-825-9800,Sweden,9/19/2003
587,Mata,McKimm,mmckimmga@examiner.com,Male,314-854-5883,United States,6/15/2002
588,Sharron,Portchmouth,sportchmouthgb@cocolog-nifty.com,Female,437-259-9044,Ukraine,4/28/2007
589,Jerrold,Trendle,jtrendlegc@usa.gov,Male,497-784-1355,Norway,5/18/2008
590,Freeland,Fibben,ffibbengd@ning.com,Male,391-892-0224,Malaysia,4/10/2011
591,Carlie,Firpi,cfirpige@angelfire.com,Male,861-161-4134,Russia,7/14/1999
592,Rosemarie,Morton,rmortongf@hp.com,Female,587-831-3303,Honduras,4/24/2012
593,Margaretta,Buard,mbuardgg@domainmarket.com,Genderqueer,286-539-9380,China,11/9/2002
594,Reese,Koop,rkoopgh@jimdo.com,Male,921-698-1122,Czech Republic,11/7/2009
595,Marlin,Bidgod,mbidgodgi@pinterest.com,Male,531-443-8969,China,7/15/2002
596,Nadean,Shotton,nshottongj@wsj.com,Female,363-367-4807,Peru,12/23/2000
597,Cullen,Geeve,cgeevegk@techcrunch.com,Male,649-390-4543,Cayman Islands,7/22/2007
598,Andrus,Glavin,aglavingl@lulu.com,Male,656-520-9437,Egypt,4/10/2011
599,Archaimbaud,Sizeland,asizelandgm@buzzfeed.com,Male,502-847-3175,Brazil,7/6/1999
600,Brion,Reece,breecegn@sfgate.com,Male,792-107-8427,Dominica,3/9/2002
601,Carlie,Hamsher,chamshergo@slashdot.org,Female,965-846-2505,Canada,11/7/2011
602,Celine,Bromby,cbrombygp@mac.com,Female,584-113-9256,China,4/21/2005
603,Katina,Gavaghan,kgavaghangq@netvibes.com,Female,824-894-0762,Philippines,8/5/2003
604,Marris,Lathey,mlatheygr@boston.com,Female,957-900-3666,Czech Republic,3/26/2006
605,Cullie,Perceval,cpercevalgs@blogs.com,Male,571-206-3385,Finland,6/5/2003
606,Cammy,Lazare,clazaregt@wordpress.com,Male,661-274-0028,China,6/27/2007
607,Bastian,Britch,bbritchgu@aol.com,Male,721-593-9012,Russia,7/18/2007
608,Herb,Fields,hfieldsgv@goo.gl,Male,129-806-3469,China,11/21/2004
609,Yurik,Luttgert,yluttgertgw@nyu.edu,Male,728-844-3140,Iran,3/28/2006
610,Gaspar,Sambidge,gsambidgegx@last.fm,Male,990-873-8704,China,10/14/1998
611,Pattie,Gideon,pgideongy@google.es,Male,544-804-0315,Russia,8/1/2009
612,Edsel,Gallant,egallantgz@webnode.com,Male,505-715-5886,China,12/29/2004
613,Steffane,Tuttiett,stuttietth0@github.io,Female,967-483-7744,China,9/15/1998
614,Wilton,Brownhall,wbrownhallh1@forbes.com,Male,542-799-5156,Croatia,5/23/2003
615,Larine,Creaney,lcreaneyh2@sfgate.com,Female,352-391-4500,Iran,9/29/1999
616,Ingelbert,Lillegard,ilillegardh3@networksolutions.com,Male,593-436-4329,Uzbekistan,9/11/2008
617,Conchita,Look,clookh4@ucoz.ru,Female,587-580-9575,Russia,10/28/2008
618,Derry,Ruddoch,druddochh5@jugem.jp,Male,300-239-1124,China,6/8/2002
619,Hagen,Gude,hgudeh6@foxnews.com,Male,857-571-0372,Japan,4/13/2007
620,Belva,Papis,bpapish7@google.com.au,Female,264-401-6808,Peru,11/21/2008
621,Johan,Paule,jpauleh8@ustream.tv,Male,630-728-5187,Kyrgyzstan,6/5/2011
622,Juditha,Standidge,jstandidgeh9@oracle.com,Female,208-421-3347,China,1/6/2008
623,Lidia,Fetterplace,lfetterplaceha@dot.gov,Female,255-429-2025,Mexico,3/13/2009
624,Kiley,Ripsher,kripsherhb@dailymotion.com,Genderqueer,812-203-5493,Mongolia,6/9/2000
625,Aleksandr,Cristoferi,acristoferihc@unicef.org,Male,978-304-6194,Peru,12/24/2009
626,Alla,Lunt,alunthd@parallels.com,Female,286-542-0664,Russia,5/22/2009
627,Derk,Giacobbo,dgiacobbohe@google.ca,Bigender,340-279-3932,Canada,9/15/2010
628,Tate,Shutte,tshuttehf@slideshare.net,Female,940-906-3988,Colombia,8/24/2003
629,Arther,Rushbury,arushburyhg@angelfire.com,Male,696-728-7814,China,8/16/2011
630,Irena,Bernet,ibernethh@csmonitor.com,Female,760-879-5002,China,7/8/1999
631,Essy,Spyer,espyerhi@cocolog-nifty.com,Female,427-433-4728,Poland,4/22/2011
632,Jarad,Ironmonger,jironmongerhj@behance.net,Male,898-911-9568,Sweden,10/3/2011
633,Mohandas,Gopsall,mgopsallhk@miitbeian.gov.cn,Male,192-746-5433,Ecuador,8/25/2008
634,Zak,Hardway,zhardwayhl@mail.ru,Male,900-928-8457,Yemen,1/14/1999
635,Benn,Wyley,bwyleyhm@admin.ch,Male,188-343-3452,Czech Republic,4/10/2005
636,Stefano,Blair,sblairhn@dailymotion.com,Male,171-620-2929,Nicaragua,4/7/2012
637,Jeffry,Streat,jstreatho@nydailynews.com,Male,889-518-4045,Philippines,10/31/2004
638,Matilda,D'Onise,mdonisehp@domainmarket.com,Female,558-729-7632,Iran,9/14/2001
639,Bing,Jacobsen,bjacobsenhq@indiatimes.com,Male,549-444-4520,Palestinian Territory,4/9/2012
640,Court,Blincow,cblincowhr@imdb.com,Male,532-589-1469,Laos,12/13/2005
641,Rickey,Moberley,rmoberleyhs@unblog.fr,Male,588-373-3577,Indonesia,8/20/2002
642,Chuck,Pearlman,cpearlmanht@icio.us,Male,937-874-1229,France,2/1/2001
643,Garrek,Treend,gtreendhu@stanford.edu,Male,909-804-0690,Argentina,12/15/2001
644,Tommie,De Gouy,tdegouyhv@trellian.com,Male,762-932-9946,China,4/13/2007
645,Karilynn,Briddock,kbriddockhw@cnbc.com,Female,198-203-5225,Thailand,9/20/2006
646,Dedra,Tutt,dtutthx@un.org,Female,115-423-0256,China,12/27/2000
647,Rip,Bowller,rbowllerhy@fc2.com,Male,893-999-2627,Indonesia,12/26/2003
648,Diane-marie,Virgin,dvirginhz@lycos.com,Female,331-479-8586,Zimbabwe,10/2/1998
649,Cacilie,Drable,cdrablei0@vinaora.com,Non-binary,706-696-9262,Peru,10/19/2002
650,Noach,Hould,nhouldi1@state.tx.us,Male,182-112-2686,Philippines,11/20/2009
651,Eldredge,Speight,espeighti2@webmd.com,Male,498-872-4867,China,1/26/2012
652,Klara,Gerauld,kgerauldi3@reverbnation.com,Female,895-626-6282,Russia,1/10/2001
653,Fulvia,Osler,fosleri4@delicious.com,Bigender,174-386-8662,Cuba,10/26/2003
654,Javier,Farncombe,jfarncombei5@etsy.com,Male,403-394-0944,Russia,1/13/2007
655,Sherry,Cullen,sculleni6@shutterfly.com,Female,907-664-7745,Russia,10/1/2009
656,Jillian,Deble,jdeblei7@fastcompany.com,Female,252-962-9420,Jordan,12/19/2010
657,Derrick,Morritt,dmorritti8@google.com.hk,Male,669-734-6658,Greece,7/2/1999
658,Cassi,Pacheco,cpachecoi9@twitpic.com,Female,919-980-7700,China,7/9/2000
659,Jayson,Arthan,jarthania@goo.gl,Male,674-685-1096,Czech Republic,5/7/2000
660,Yettie,Rosberg,yrosbergib@cornell.edu,Female,590-644-0006,Russia,2/1/2008
661,Cody,Wilsone,cwilsoneic@java.com,Male,808-775-9651,China,5/25/2009
662,Tova,Selvey,tselveyid@abc.net.au,Female,879-687-0939,Indonesia,3/3/2007
663,Hildagard,Falcus,hfalcusie@umich.edu,Female,678-706-8921,Mauritania,9/17/2003
664,Delly,Chazotte,dchazotteif@vistaprint.com,Polygender,575-975-6034,China,4/26/2012
665,Raoul,Ninnis,rninnisig@ted.com,Male,390-706-7808,Indonesia,7/22/2001
666,Kacey,Tal,ktalih@weibo.com,Female,232-415-2001,Russia,9/18/2007
667,Jayson,Roaf,jroafii@biblegateway.com,Male,727-139-4477,Croatia,12/27/2006
668,Northrup,Ubsdale,nubsdaleij@theglobeandmail.com,Male,968-196-4266,Indonesia,4/6/2010
669,Norene,Abels,nabelsik@unicef.org,Female,819-620-1486,Syria,10/31/1999
670,Hermione,Streeting,hstreetingil@elpais.com,Female,332-946-8726,Japan,8/29/2003
671,Loretta,Buckeridge,lbuckeridgeim@ibm.com,Female,637-555-5731,Libya,1/8/2001
672,Marna,Matheson,mmathesonin@ebay.com,Female,625-476-4181,Cameroon,2/15/2002
673,Efrem,Siderfin,esiderfinio@princeton.edu,Male,367-784-4837,Moldova,11/15/2003
674,Vick,Sesons,vsesonsip@goo.gl,Male,626-335-9845,China,3/29/2000
675,Terence,Handasyde,thandasydeiq@pagesperso-orange.fr,Male,667-542-2934,Serbia,12/2/2009
676,Blaire,Pelchat,bpelchatir@globo.com,Female,572-609-3798,China,1/5/2010
677,Giffard,Earey,geareyis@yale.edu,Male,680-240-8437,Russia,3/2/2010
678,See,MacSporran,smacsporranit@google.nl,Male,352-656-8703,Vietnam,5/12/2007
679,Lori,Cumberland,lcumberlandiu@etsy.com,Female,388-680-5555,Colombia,8/14/2010
680,Shantee,Seefus,sseefusiv@spotify.com,Female,303-859-8360,United States,1/27/2005
681,Joyous,Ginman,jginmaniw@imdb.com,Female,597-673-1333,Peru,4/9/2003
682,Cort,Coppard,ccoppardix@reference.com,Male,943-633-6124,Philippines,12/9/2005
683,Janis,Ranald,jranaldiy@moonfruit.com,Female,258-480-2590,South Africa,6/12/2005
684,Bunny,Sangar,bsangariz@over-blog.com,Female,164-631-5551,Spain,3/1/1999
685,Bear,Parramore,bparramorej0@google.es,Male,191-228-2595,Philippines,3/13/2006
686,Iggy,Beckerleg,ibeckerlegj1@fastcompany.com,Male,811-864-1290,Nicaragua,6/18/2009
687,Con,Hunn,chunnj2@upenn.edu,Male,924-894-2794,Yemen,10/27/2000
688,Carmencita,Leal,clealj3@friendfeed.com,Female,385-452-2690,Netherlands,5/24/2009
689,Erroll,Tenaunt,etenauntj4@reddit.com,Male,248-541-3449,Bulgaria,1/7/2003
690,Cherice,Duffit,cduffitj5@census.gov,Female,829-729-2261,Canada,12/30/2009
691,Jaime,Vernham,jvernhamj6@symantec.com,Male,146-528-3971,Brazil,8/13/2009
692,Donni,Gilbeart,dgilbeartj7@t.co,Female,447-362-7636,Sweden,7/25/2010
693,Mollie,Parramore,mparramorej8@whitehouse.gov,Genderfluid,202-113-8214,Rwanda,6/8/2009
694,Ode,Legen,olegenj9@timesonline.co.uk,Male,125-442-9936,Portugal,3/8/2005
695,Clerc,Tomblin,ctomblinja@smugmug.com,Male,184-397-4870,Colombia,12/30/1998
696,Kaia,Gallafant,kgallafantjb@sciencedaily.com,Female,609-881-1058,Japan,10/26/2002
697,Danny,Gors,dgorsjc@t.co,Male,776-544-5640,China,7/5/2008
698,Catha,Giabuzzi,cgiabuzzijd@dedecms.com,Female,443-738-3321,China,4/28/2002
699,Mari,Donati,mdonatije@ucsd.edu,Female,605-978-6840,Russia,12/26/2008
700,Herb,Jennaroy,hjennaroyjf@amazon.co.jp,Male,729-381-0862,Mexico,4/12/2012
701,Si,Gilhespy,sgilhespyjg@mozilla.org,Male,507-859-3910,China,9/20/1998
702,Sandi,Edgcumbe,sedgcumbejh@boston.com,Female,901-669-8251,Russia,4/10/2010
703,Eunice,Mateus,emateusji@discuz.net,Female,746-242-1920,Argentina,6/1/2005
704,Sibbie,Cust,scustjj@typepad.com,Female,773-809-2428,Poland,7/17/2011
705,Mandi,Stockley,mstockleyjk@free.fr,Female,795-226-0598,Pakistan,4/4/2003
706,Cele,Smither,csmitherjl@devhub.com,Female,521-175-1974,Ireland,1/20/2009
707,Rolph,Abriani,rabrianijm@senate.gov,Male,527-409-3416,Vietnam,8/24/2006
708,Toiboid,Elgood,telgoodjn@sakura.ne.jp,Genderqueer,746-458-8180,Philippines,9/12/2002
709,Mufinella,Venn,mvennjo@moonfruit.com,Female,246-382-2783,Pakistan,6/4/2009
710,Deck,Lansley,dlansleyjp@google.ca,Male,981-628-9320,Saudi Arabia,2/2/2000
711,Devin,Jonczyk,djonczykjq@soundcloud.com,Female,242-416-2221,China,11/8/1999
712,Krissie,Faldoe,kfaldoejr@domainmarket.com,Female,243-668-1664,Poland,12/20/2002
713,Rodina,Bacchus,rbacchusjs@chron.com,Female,250-924-3237,China,3/27/2001
714,Calley,Colthard,ccolthardjt@chronoengine.com,Female,179-825-6745,Peru,11/9/1998
715,Baily,Doag,bdoagju@google.nl,Male,373-168-9498,China,12/17/1999
716,Gerrie,Sleany,gsleanyjv@princeton.edu,Male,683-974-3664,Indonesia,3/3/2008
717,Joachim,Spargo,jspargojw@blogspot.com,Male,147-802-8804,Nigeria,10/17/2004
718,Lina,Tidy,ltidyjx@etsy.com,Female,780-150-3059,Uganda,5/17/2000
719,Nissa,Scroggie,nscroggiejy@ihg.com,Agender,685-475-4978,China,9/12/2009
720,Deedee,Leaning,dleaningjz@bloomberg.com,Female,361-231-9859,Russia,11/30/2011
721,Michale,Gilffillan,mgilffillank0@simplemachines.org,Male,501-884-9538,Nigeria,4/3/2007
722,Mikael,Halbord,mhalbordk1@simplemachines.org,Male,325-827-3003,Indonesia,12/11/2006
723,Aleksandr,Tivnan,ativnank2@statcounter.com,Male,732-649-5089,Syria,12/25/1999
724,Graham,Jubert,gjubertk3@vkontakte.ru,Non-binary,888-685-6341,Portugal,12/24/1999
725,Truman,Piddock,tpiddockk4@alexa.com,Male,783-431-7501,Austria,6/30/2010
726,Walton,Rapson,wrapsonk5@slideshare.net,Male,608-481-5992,Macedonia,11/10/2006
727,Haskell,Mc Mechan,hmcmechank6@xing.com,Male,962-437-0485,Sweden,2/7/2001
728,Riva,Karlolak,rkarlolakk7@51.la,Female,866-622-8474,Russia,3/5/2010
729,Frederic,Croney,fcroneyk8@blog.com,Male,469-263-1443,France,4/24/2010
730,Denys,Aldersey,dalderseyk9@aol.com,Bigender,144-568-3403,Sweden,6/15/2000
731,Johannes,Handrik,jhandrikka@yale.edu,Male,779-804-9234,Morocco,9/5/1998
732,Angelico,Stickel,astickelkb@twitter.com,Male,854-649-8824,Indonesia,1/26/2003
733,Avram,Shaddock,ashaddockkc@cocolog-nifty.com,Genderqueer,175-921-9320,Serbia,12/13/2007
734,Gerald,Dullaghan,gdullaghankd@booking.com,Male,287-258-8513,Cuba,1/1/2003
735,Abie,Charter,acharterke@chicagotribune.com,Male,433-993-0078,Philippines,5/11/2001
736,Rochelle,Corpes,rcorpeskf@github.com,Female,986-915-7848,Poland,3/15/2002
737,Paolina,Wontner,pwontnerkg@flavors.me,Female,464-478-4496,South Africa,9/21/2000
738,Pacorro,Sapsford,psapsfordkh@ted.com,Male,732-195-8870,China,5/4/2011
739,Emlen,Shere,eshereki@weebly.com,Genderfluid,837-790-6401,Brazil,10/3/2002
740,Lancelot,Battams,lbattamskj@yahoo.co.jp,Male,319-347-5654,Ukraine,12/9/2001
741,Maryrose,Hannond,mhannondkk@storify.com,Female,394-443-5669,France,6/9/2004
742,Samaria,Kilpin,skilpinkl@marketwatch.com,Female,312-503-2217,Mongolia,9/6/1998
743,Benji,McQuorkell,bmcquorkellkm@cocolog-nifty.com,Male,677-331-6186,Philippines,3/13/2008
744,Evvie,Pentecost,epentecostkn@phoca.cz,Genderqueer,646-875-2335,Sweden,2/4/1999
745,Demetris,Panas,dpanasko@abc.net.au,Female,194-579-1236,Portugal,12/31/2002
746,Bearnard,Lilleyman,blilleymankp@skype.com,Male,450-856-5306,China,7/22/2000
747,Hercule,Pound,hpoundkq@bizjournals.com,Male,137-672-3136,Colombia,4/3/2010
748,Inglis,Cracknell,icracknellkr@cam.ac.uk,Male,420-502-1424,Peru,9/8/2008
749,Erik,Fearne,efearneks@histats.com,Male,555-721-8316,Mongolia,3/29/2001
750,Lorin,Spittal,lspittalkt@mapy.cz,Male,465-127-4926,Qatar,6/30/2011
751,Matti,Zorzoni,mzorzoniku@last.fm,Female,428-515-0923,Nicaragua,3/16/2009
752,Carole,Colvine,ccolvinekv@wunderground.com,Female,886-824-6185,Portugal,10/15/2001
753,Gussie,Gulleford,ggullefordkw@epa.gov,Female,300-492-4667,China,7/29/2003
754,Elwira,Tabram,etabramkx@un.org,Bigender,689-108-9652,Russia,12/26/2009
755,Gran,Lintill,glintillky@intel.com,Male,310-877-7480,Russia,2/3/2000
756,Ellery,Kolushev,ekolushevkz@mlb.com,Male,687-240-1696,Sweden,8/8/1999
757,Ben,Roger,brogerl0@meetup.com,Male,199-534-1585,Philippines,6/15/2009
758,Danielle,Blaymires,dblaymiresl1@parallels.com,Female,727-651-0883,Indonesia,7/15/2002
759,Basilio,Brammall,bbrammalll2@cbc.ca,Male,679-820-8873,China,7/25/2006
760,Kele,Morfell,kmorfelll3@hud.gov,Male,286-813-1788,Paraguay,8/20/2002
761,Eolande,Ballam,eballaml4@indiatimes.com,Female,969-679-8980,Bulgaria,1/23/1999
762,Avivah,Folomin,afolominl5@ibm.com,Female,875-567-3981,China,11/25/1998
763,Henryetta,Greenstock,hgreenstockl6@wikimedia.org,Female,142-642-4112,China,1/22/2003
764,Karol,Stammer,kstammerl7@t-online.de,Female,839-648-3513,Serbia,9/22/2001
765,Kellen,O'Donovan,kodonovanl8@blog.com,Male,959-128-3663,China,1/23/2001
766,Wally,Van,wvanl9@upenn.edu,Male,242-495-2804,Russia,8/3/2010
767,Kerk,Senett,ksenettla@shutterfly.com,Male,941-407-2435,Sweden,12/1/2007
768,Helenelizabeth,Hambright,hhambrightlb@dagondesign.com,Female,384-967-9584,Serbia,12/11/2007
769,Benny,Blaszczak,bblaszczaklc@wikimedia.org,Male,717-326-3533,Poland,11/24/2007
770,Hildy,Van Waadenburg,hvanwaadenburgld@blinklist.com,Female,306-553-3371,Brazil,9/2/2011
771,Palmer,Willbourne,pwillbournele@de.vu,Male,944-212-5143,Palestinian Territory,1/6/2009
772,Gilburt,Pyett,gpyettlf@kickstarter.com,Male,600-109-1590,China,3/25/2001
773,Albie,Darley,adarleylg@360.cn,Bigender,930-369-6506,China,8/30/1999
774,Frasco,Purvess,fpurvesslh@delicious.com,Male,826-188-3249,China,2/4/2011
775,Wallis,Mineghelli,wmineghellili@yahoo.co.jp,Female,540-960-9091,Indonesia,10/25/2005
776,Shandee,Tattersdill,stattersdilllj@about.me,Female,874-515-0244,Norway,4/11/2002
777,Guendolen,Beszant,gbeszantlk@shutterfly.com,Female,572-941-5917,Sweden,8/30/2000
778,Shane,Sign,ssignll@mit.edu,Male,394-247-8054,China,8/29/2007
779,Cully,Willgress,cwillgresslm@hibu.com,Male,582-647-1668,Albania,8/7/2003
780,Ab,Frascone,afrasconeln@fema.gov,Male,987-144-1183,China,9/20/2011
781,Anni,Bakewell,abakewelllo@cyberchimps.com,Female,686-867-7650,Finland,1/29/2001
782,Richy,Birchner,rbirchnerlp@nba.com,Male,979-977-0145,China,4/15/2010
783,Collie,Whalley,cwhalleylq@guardian.co.uk,Female,745-676-5938,Indonesia,3/30/2010
784,Charlie,Dawbury,cdawburylr@netvibes.com,Male,443-803-2669,Ukraine,10/12/2002
785,Bearnard,Balnaves,bbalnavesls@google.fr,Male,849-550-6097,Mongolia,8/29/1999
786,Horatius,Hammerberg,hhammerberglt@imdb.com,Male,878-860-2611,Russia,11/23/2003
787,Sandro,Stairmand,sstairmandlu@networksolutions.com,Male,354-355-1002,Russia,11/22/2002
788,Wain,O'Growgane,wogrowganelv@github.io,Male,392-156-5511,China,11/23/2000
789,Johannes,Fookes,jfookeslw@edublogs.org,Agender,536-840-5204,Philippines,3/25/2005
790,Tanya,Chad,tchadlx@engadget.com,Female,792-110-9747,Nigeria,5/4/2001
791,Gifford,Runnicles,grunniclesly@google.pl,Polygender,151-138-7319,Russia,12/30/2003
792,Guinevere,MacMeanma,gmacmeanmalz@ucoz.ru,Female,411-395-8384,Sri Lanka,4/22/2011
793,Anny,Ivain,aivainm0@prnewswire.com,Female,211-882-4313,Russia,6/25/2000
794,Bailie,Heinecke,bheineckem1@japanpost.jp,Male,854-939-0924,Indonesia,10/27/2001
795,Aila,Fedder,afedderm2@paypal.com,Female,592-227-8852,Peru,1/10/2002
796,Lanae,Trulock,ltrulockm3@webeden.co.uk,Female,266-921-6222,China,5/28/2009
797,Pascal,Christoffe,pchristoffem4@exblog.jp,Genderqueer,694-208-3743,Greece,6/3/2006
798,Farand,Schwartz,fschwartzm5@delicious.com,Female,570-817-9291,Saudi Arabia,12/24/1999
799,Sherm,Bentke,sbentkem6@hexun.com,Male,261-645-5045,France,6/24/2012
800,Renault,Yglesias,ryglesiasm7@bloglovin.com,Male,256-640-7503,Ukraine,10/5/2003
801,Stesha,Gorges,sgorgesm8@epa.gov,Female,326-883-8291,Israel,7/2/2000
802,Alyse,Pemberton,apembertonm9@de.vu,Female,379-459-9558,China,12/1/2003
803,Gaby,Skitral,gskitralma@paginegialle.it,Bigender,582-493-7519,Iraq,5/2/2003
804,Koren,Leaney,kleaneymb@alexa.com,Female,431-528-3277,France,9/25/2006
805,Edgardo,Dallan,edallanmc@japanpost.jp,Male,177-947-1102,Portugal,8/8/2000
806,Esme,Tomasik,etomasikmd@cbslocal.com,Female,863-878-7955,United States,5/20/2012
807,Mace,Axelby,maxelbyme@paypal.com,Male,613-958-9940,Ecuador,3/20/2010
808,Babbette,Daltry,bdaltrymf@si.edu,Female,435-844-7888,Sweden,5/7/2000
809,Nerty,Digger,ndiggermg@reuters.com,Female,849-402-5120,Russia,3/8/2005
810,Delmar,Vautrey,dvautreymh@1688.com,Male,203-430-2411,United States,7/30/2011
811,Hodge,Gateley,hgateleymi@yandex.ru,Male,336-761-1244,China,11/5/2010
812,Louisa,Von Salzberg,lvonsalzbergmj@tinyurl.com,Female,839-865-5886,Brazil,4/10/2011
813,Paul,Lambkin,plambkinmk@facebook.com,Male,722-137-6581,Namibia,1/18/2011
814,Evangelin,Iddins,eiddinsml@pagesperso-orange.fr,Female,176-694-8562,Finland,4/25/2008
815,Adelaida,Smewing,asmewingmm@fastcompany.com,Female,677-833-0028,Colombia,6/1/2012
816,Rossie,Marklew,rmarklewmn@usnews.com,Male,466-996-4578,United Kingdom,10/3/1999
817,Brook,Lamasna,blamasnamo@nih.gov,Female,372-828-0495,China,1/8/2009
818,Billie,Shaves,bshavesmp@angelfire.com,Female,619-428-7597,China,8/31/2007
819,Jarret,Autin,jautinmq@lulu.com,Non-binary,644-329-2712,Ecuador,9/11/2003
820,Hesther,Piatkow,hpiatkowmr@mozilla.org,Female,959-147-7807,Japan,2/16/2000
821,Renate,Whitear,rwhitearms@constantcontact.com,Female,214-128-0463,Philippines,8/29/2005
822,June,Steels,jsteelsmt@intel.com,Female,938-538-8462,Philippines,8/10/2009
823,Frasier,Lupton,fluptonmu@nytimes.com,Male,110-430-7515,Argentina,8/25/2006
824,Dallon,Mottershead,dmottersheadmv@nasa.gov,Male,316-831-3378,Guinea,11/10/2010
825,Ring,St. Clair,rstclairmw@eepurl.com,Male,834-435-9625,Greece,2/19/2012
826,Bran,Keri,bkerimx@timesonline.co.uk,Male,870-328-0493,Indonesia,7/20/2001
827,Sheffield,Barbour,sbarbourmy@1688.com,Male,953-540-8626,Serbia,6/22/2003
828,Forster,Crutch,fcrutchmz@ask.com,Agender,389-509-0287,Argentina,12/9/2000
829,Glory,Hames,ghamesn0@360.cn,Female,907-684-7594,Poland,5/16/2011
830,Chad,Nutman,cnutmann1@dagondesign.com,Genderfluid,788-880-0591,Dominican Republic,7/29/2009
831,Gisele,Swaffield,gswaffieldn2@yahoo.com,Female,248-278-5509,Finland,1/30/2011
832,Emmaline,Basten,ebastenn3@latimes.com,Bigender,113-172-5869,Russia,5/1/2012
833,Meris,Brymham,mbrymhamn4@wordpress.org,Female,601-255-2584,Albania,12/6/2009
834,Maressa,Pol,mpoln5@hud.gov,Female,251-906-7133,United States,11/27/2005
835,Rania,Phetteplace,rphetteplacen6@arizona.edu,Female,274-699-3732,Philippines,8/2/2000
836,Giorgia,Aimeric,gaimericn7@sfgate.com,Female,541-878-6077,Ireland,6/5/2007
837,Ambrose,Elliot,aelliotn8@newsvine.com,Male,943-783-9378,Poland,9/19/2005
838,Ethel,Duesbury,eduesburyn9@feedburner.com,Female,861-908-0610,Russia,9/21/2009
839,Bethena,Geraldini,bgeraldinina@vimeo.com,Female,962-570-7764,Poland,7/7/2004
840,Axel,Campbell,acampbellnb@unc.edu,Male,846-218-7216,Portugal,1/12/2001
841,Zora,Lemon,zlemonnc@google.ru,Female,312-562-6180,Mexico,11/16/1999
842,Elisabet,Rudolf,erudolfnd@google.nl,Female,754-996-4505,Japan,5/1/2000
843,Tracy,Jessen,tjessenne@weebly.com,Male,353-977-6092,China,8/3/2003
844,Oberon,McCunn,omccunnnf@google.co.uk,Agender,928-610-1564,Panama,10/2/2009
845,Rustin,Houston,rhoustonng@sphinn.com,Male,916-187-7613,Russia,12/12/2003
846,Ruggiero,Lambarth,rlambarthnh@xrea.com,Male,238-502-9258,Indonesia,10/4/2002
847,Trixie,Siddens,tsiddensni@redcross.org,Female,146-410-5465,Czech Republic,3/11/2004
848,Eilis,Collins,ecollinsnj@friendfeed.com,Female,615-914-0690,Eritrea,3/16/2002
849,Lian,Stanyforth,lstanyforthnk@earthlink.net,Female,220-500-5985,Poland,2/4/2003
850,Dun,Kirkwood,dkirkwoodnl@timesonline.co.uk,Male,950-135-8731,Portugal,11/24/2002
851,Cordi,Hugonnet,chugonnetnm@cargocollective.com,Female,969-238-6905,Vietnam,2/20/2011
852,Patrizius,Kunkler,pkunklernn@comsenz.com,Male,168-481-6020,Ecuador,8/17/2002
853,Gunar,Meatyard,gmeatyardno@house.gov,Male,501-450-8909,China,4/23/2002
854,Jacky,Botterill,jbotterillnp@mysql.com,Male,853-204-0179,China,4/26/2003
855,Gallagher,Laydon,glaydonnq@i2i.jp,Male,769-176-0254,Palestinian Territory,5/21/2011
856,Etheline,Patershall,epatershallnr@nih.gov,Female,566-849-5643,Philippines,12/18/2003
857,Rhodia,Aslott,raslottns@topsy.com,Female,418-725-4203,Russia,11/30/2010
858,Bambie,Fidell,bfidellnt@dot.gov,Female,329-408-8593,Brazil,3/11/2003
859,Theressa,Birkmyr,tbirkmyrnu@sphinn.com,Female,502-336-8640,Russia,4/12/2010
860,Isacco,Dorsett,idorsettnv@jigsy.com,Male,706-632-5284,China,12/6/2002
861,Hannis,Shah,hshahnw@prweb.com,Female,784-339-6627,Canada,6/21/2004
862,Augustine,Dekeyser,adekeysernx@tiny.cc,Male,232-596-1521,Philippines,9/4/2010
863,Ediva,Kenaway,ekenawayny@g.co,Female,165-321-4400,Philippines,5/3/1999
864,Henry,Tooting,htootingnz@nps.gov,Male,559-567-5534,Ukraine,9/18/2010
865,Noell,Jeffcoate,njeffcoateo0@microsoft.com,Female,857-833-9210,China,3/16/2009
866,Annecorinne,Muglestone,amuglestoneo1@stumbleupon.com,Female,360-487-6633,United States,4/15/2001
867,Dinny,Georgius,dgeorgiuso2@tumblr.com,Female,848-709-8964,Sweden,8/25/2009
868,Cristie,Sommerville,csommervilleo3@china.com.cn,Female,997-812-6289,Indonesia,7/20/2006
869,Ashil,Vazquez,avazquezo4@webeden.co.uk,Female,714-421-1075,China,2/24/2008
870,Fabio,McQuorkel,fmcquorkelo5@guardian.co.uk,Male,818-796-1081,China,10/16/2005
871,Mildrid,Toma,mtomao6@oaic.gov.au,Female,696-224-5390,Vietnam,2/2/2002
872,Cecilla,MacNeachtain,cmacneachtaino7@taobao.com,Female,165-205-9888,China,7/13/2003
873,Manuel,Hayzer,mhayzero8@prlog.org,Male,594-564-0438,Russia,10/9/2004
874,Phebe,Sarsfield,psarsfieldo9@diigo.com,Female,407-136-3084,Portugal,4/27/2010
875,Riane,Biffin,rbiffinoa@xing.com,Polygender,787-137-6519,Russia,1/29/2006
876,Annice,Franzotto,afranzottoob@lycos.com,Female,252-168-0937,Iraq,12/30/2001
877,Hyacinthie,Kirimaa,hkirimaaoc@parallels.com,Female,237-601-6681,Philippines,3/9/2008
878,Cahra,Morpeth,cmorpethod@imdb.com,Female,773-746-7314,China,4/13/1999
879,Cassondra,De Ambrosi,cdeambrosioe@psu.edu,Female,360-237-2394,Indonesia,8/23/2004
880,Maighdiln,Cupitt,mcupittof@acquirethisname.com,Female,856-500-4034,Sweden,6/18/2003
881,Bailie,Garmey,bgarmeyog@cafepress.com,Agender,872-203-5254,Indonesia,7/3/2011
882,Shane,Guille,sguilleoh@nyu.edu,Male,274-511-2077,Indonesia,4/16/2009
883,Xymenes,Camerana,xcameranaoi@fema.gov,Male,611-500-5165,Malaysia,8/25/2000
884,Jaime,Pietraszek,jpietraszekoj@vk.com,Female,797-573-4909,Honduras,3/14/2010
885,Martie,Bleckly,mblecklyok@so-net.ne.jp,Female,516-422-4350,China,6/5/2011
886,Jilly,Cashman,jcashmanol@usnews.com,Female,157-537-5491,Philippines,9/29/1998
887,Lucian,Verman,lvermanom@deviantart.com,Male,174-481-2821,France,9/25/2003
888,Yovonnda,Josephs,yjosephson@fema.gov,Female,476-440-0052,Peru,10/25/2003
889,Lombard,Scotland,lscotlandoo@xrea.com,Male,926-619-8968,Mexico,7/18/2011
890,Nollie,Popping,npoppingop@mlb.com,Female,879-211-0834,China,12/13/1998
891,Sybil,Fairman,sfairmanoq@tripod.com,Female,117-872-3499,Indonesia,11/5/2008
892,Francisco,Strangeway,fstrangewayor@cocolog-nifty.com,Male,721-116-9794,France,2/11/2007
893,Pasquale,Burtonshaw,pburtonshawos@mayoclinic.com,Male,756-336-4351,Croatia,8/29/2003
894,Velvet,Staynes,vstaynesot@forbes.com,Female,957-330-4488,Zambia,8/16/2008
895,Adeline,McBrier,amcbrierou@umich.edu,Female,202-150-6440,Indonesia,3/1/2005
896,Hadria,Calliss,hcallissov@gmpg.org,Female,493-493-2988,Hungary,9/18/2002
897,Penni,Gingles,pginglesow@cafepress.com,Female,999-537-4315,Russia,9/11/1998
898,Woodman,Chatainier,wchatainierox@aboutads.info,Male,243-188-5234,Philippines,9/25/2009
899,Ernestine,Cominotti,ecominottioy@dell.com,Female,669-191-9623,Indonesia,7/6/2000
900,Olav,Binge,obingeoz@parallels.com,Male,451-532-3240,Canada,7/29/2003
901,Zorana,De Francisci,zdefranciscip0@toplist.cz,Female,738-966-4591,Nepal,9/5/2011
902,Derk,Mattiato,dmattiatop1@sbwire.com,Male,217-576-4793,Philippines,11/23/2005
903,Nona,Burn,nburnp2@netvibes.com,Female,517-250-1752,Gambia,8/27/2006
904,Corey,Holde,choldep3@deliciousdays.com,Male,864-927-5498,China,9/25/2005
905,Milissent,Puckett,mpuckettp4@imdb.com,Genderfluid,926-372-8596,Kazakhstan,10/29/2002
906,Aurthur,Hawley,ahawleyp5@bloglines.com,Male,365-649-5046,Philippines,10/22/2011
907,Zilvia,Torns,ztornsp6@state.gov,Genderfluid,282-852-8234,Mongolia,3/14/2004
908,Ericka,Conibeer,econibeerp7@comsenz.com,Genderqueer,172-889-3279,Greece,5/27/2006
909,Pammi,Methuen,pmethuenp8@ucoz.ru,Female,644-794-0831,Argentina,6/28/2005
910,Mycah,Benck,mbenckp9@creativecommons.org,Male,892-975-5895,Cuba,10/9/2004
911,Innis,Tittershill,itittershillpa@quantcast.com,Male,117-877-0937,Denmark,8/21/2004
912,Elladine,Martino,emartinopb@timesonline.co.uk,Female,599-847-9113,Russia,5/16/2008
913,Francesca,Hirschmann,fhirschmannpc@huffingtonpost.com,Female,468-361-2372,South Africa,5/29/2000
914,Osborn,Gilkes,ogilkespd@addtoany.com,Male,567-329-0626,Indonesia,4/24/2006
915,Cedric,Caldayrou,ccaldayroupe@nytimes.com,Male,199-372-2034,Poland,10/11/2003
916,Spenser,Geelan,sgeelanpf@dmoz.org,Male,854-558-9138,China,2/1/2001
917,Dorene,Boards,dboardspg@bloomberg.com,Female,252-136-0978,Sweden,3/3/2006
918,Libbie,Reubbens,lreubbensph@about.me,Female,218-698-0533,Oman,11/11/2007
919,Meredithe,Haddacks,mhaddackspi@unesco.org,Female,347-927-6693,Indonesia,1/22/1999
920,Katey,Sinton,ksintonpj@alexa.com,Female,592-490-1306,Greece,4/20/2002
921,Lynde,Kynvin,lkynvinpk@hibu.com,Female,443-507-5539,Poland,4/17/2007
922,Anabal,Andrini,aandrinipl@sun.com,Female,667-216-5559,Mexico,3/8/2008
923,Ania,Pluck,apluckpm@joomla.org,Female,378-581-4065,Philippines,8/24/2001
924,Gav,Johnsey,gjohnseypn@usgs.gov,Male,345-687-9110,China,7/17/1999
925,Mikael,Yuryaev,myuryaevpo@trellian.com,Male,902-723-1484,Indonesia,1/6/2011
926,Irving,Elgar,ielgarpp@xinhuanet.com,Male,973-464-7650,China,1/14/2007
927,Camel,Van Waadenburg,cvanwaadenburgpq@microsoft.com,Female,312-100-0702,China,4/14/2012
928,Leesa,Roskrug,lroskrugpr@sourceforge.net,Female,643-911-1514,China,11/24/2010
929,Giralda,Klimkowski,gklimkowskips@hc360.com,Female,123-465-2179,Ukraine,11/25/2002
930,Faun,Altree,faltreept@networksolutions.com,Female,202-679-7447,Brazil,1/15/2002
931,Rorke,Grimditch,rgrimditchpu@washington.edu,Male,854-285-9856,Indonesia,8/31/2000
932,Saunderson,Cowderoy,scowderoypv@i2i.jp,Male,693-516-1105,Kazakhstan,6/6/2010
933,Kenny,Surgeoner,ksurgeonerpw@feedburner.com,Male,878-481-7380,Portugal,4/20/2010
934,Sena,Vaillant,svaillantpx@gizmodo.com,Female,407-474-8256,China,11/28/1999
935,Bronson,Tethcote,btethcotepy@ezinearticles.com,Male,742-162-6060,Brazil,4/25/2012
936,Otto,Proppers,opropperspz@redcross.org,Male,573-524-0167,Costa Rica,8/21/2004
937,Tremaine,Najera,tnajeraq0@ifeng.com,Male,296-969-9279,China,9/20/2011
938,Mada,Elliker,mellikerq1@mit.edu,Non-binary,568-913-1399,Chile,5/3/2000
939,Kellen,Barrowcliffe,kbarrowcliffeq2@independent.co.uk,Male,549-848-1976,Canada,11/9/2010
940,Janek,Fallis,jfallisq3@hc360.com,Male,187-163-1397,Indonesia,11/19/2009
941,Deny,Palffrey,dpalffreyq4@japanpost.jp,Female,657-478-9896,Japan,6/12/1999
942,Henry,Craker,hcrakerq5@dot.gov,Male,555-572-2992,France,7/8/1999
943,Georgena,Pealing,gpealingq6@columbia.edu,Female,760-396-8746,China,10/19/2009
944,Prince,Fayne,pfayneq7@nasa.gov,Genderfluid,589-149-8288,Laos,2/24/2002
945,Joya,Elegood,jelegoodq8@businessweek.com,Female,293-278-5234,China,4/25/2005
946,Ninnette,Puckinghorne,npuckinghorneq9@angelfire.com,Female,550-180-7943,Indonesia,2/7/2008
947,Leonhard,Bartak,lbartakqa@amazon.co.jp,Male,718-458-4053,United States,9/14/2006
948,Jinny,Weatherburn,jweatherburnqb@upenn.edu,Female,151-918-2340,Pakistan,8/29/2003
949,Natka,Clementet,nclementetqc@yolasite.com,Female,510-623-4932,China,12/17/2003
950,Eric,Beinke,ebeinkeqd@rediff.com,Male,726-615-3289,Tanzania,7/28/2006
951,Neron,Cudmore,ncudmoreqe@hhs.gov,Male,531-605-6599,Guatemala,10/2/2007
952,Stanwood,Langlands,slanglandsqf@independent.co.uk,Male,875-380-3713,Portugal,6/5/2006
953,Dean,Gatchell,dgatchellqg@state.gov,Male,115-632-7077,Portugal,2/4/2007
954,Gael,Ganiclef,gganiclefqh@vimeo.com,Female,847-521-3095,Philippines,2/18/2012
955,Evered,Harraway,eharrawayqi@goo.gl,Male,630-352-2445,Brazil,1/10/2000
956,Lani,Petranek,lpetranekqj@wordpress.com,Female,321-522-9514,Portugal,12/22/2003
957,Jaclyn,Tortoise,jtortoiseqk@mozilla.com,Female,517-745-5589,Macedonia,9/14/2002
958,Antonio,Kynett,akynettql@ameblo.jp,Male,119-984-2764,Portugal,11/11/2009
959,Eydie,Cuppitt,ecuppittqm@paypal.com,Female,235-492-3453,Indonesia,12/2/1999
960,Rod,Jurczyk,rjurczykqn@shinystat.com,Male,676-418-9608,Palestinian Territory,12/13/2003
961,Honey,Slowley,hslowleyqo@wordpress.com,Female,615-204-4034,Indonesia,12/21/2004
962,Wayne,McBrearty,wmcbreartyqp@forbes.com,Male,618-941-4162,Russia,7/13/2002
963,Raynell,Lenchenko,rlenchenkoqq@liveinternet.ru,Female,675-262-3538,Brazil,5/28/2006
964,Cathe,Drews,cdrewsqr@fema.gov,Female,707-746-8884,Sweden,1/8/2002
965,Esteban,Narrie,enarrieqs@fda.gov,Male,132-997-1158,Venezuela,10/12/1999
966,Melonie,Cook,mcookqt@geocities.jp,Female,917-102-5266,Serbia,11/23/2010
967,Mindy,Rosebotham,mrosebothamqu@youtube.com,Female,571-554-5697,China,6/5/1999
968,Marcelo,Crosskill,mcrosskillqv@yellowbook.com,Male,632-805-1601,Belarus,2/12/2004
969,Florian,Frear,ffrearqw@addthis.com,Polygender,669-756-9259,Iran,5/19/2005
970,Fergus,Gullefant,fgullefantqx@un.org,Male,329-498-2445,Indonesia,6/10/2009
971,Gerry,Lanon,glanonqy@goo.ne.jp,Female,912-128-0536,Indonesia,12/24/2010
972,Alayne,Thamelt,athameltqz@printfriendly.com,Non-binary,448-292-8396,Ukraine,3/2/2002
973,Joannes,Tytcomb,jtytcombr0@blogger.com,Female,823-835-0433,Chile,3/14/2011
974,Dorian,Sephton,dsephtonr1@cpanel.net,Female,732-293-3372,Malaysia,11/5/2006
975,York,Sparshett,ysparshettr2@plala.or.jp,Male,149-296-8295,Tanzania,2/20/2009
976,Misty,Tissiman,mtissimanr3@livejournal.com,Female,187-763-9985,Brazil,1/2/2003
977,Raven,Melvin,rmelvinr4@ibm.com,Female,487-213-1624,Venezuela,9/10/2009
978,Benedikta,Tapin,btapinr5@europa.eu,Female,872-263-0932,Latvia,9/30/2004
979,Anjanette,McKenna,amckennar6@123-reg.co.uk,Female,587-463-3493,Philippines,10/21/2000
980,Ines,Maclean,imacleanr7@homestead.com,Female,464-216-9764,Palestinian Territory,7/4/2007
981,Anderson,Filyaev,afilyaevr8@blogs.com,Male,415-359-5934,China,7/1/1999
982,Galven,Hylton,ghyltonr9@zimbio.com,Male,448-237-2853,Serbia,11/7/1998
983,Bink,Godspeede,bgodspeedera@joomla.org,Male,865-250-4581,Netherlands,4/17/2009
984,Reagen,Kulvear,rkulvearrb@gov.uk,Male,885-931-4381,Vietnam,9/5/2002
985,Pennie,Varndall,pvarndallrc@stumbleupon.com,Female,921-864-9867,Indonesia,7/16/2012
986,Mariann,Condell,mcondellrd@cnbc.com,Female,707-386-8951,China,9/10/2002
987,Milt,Teather,mteatherre@nationalgeographic.com,Male,700-936-7669,Nigeria,8/20/2011
988,Hasty,Bugg,hbuggrf@newyorker.com,Male,858-210-7435,Honduras,9/10/1998
989,Sinclare,Stoter,sstoterrg@symantec.com,Male,169-332-7729,Sweden,5/26/2008
990,Tamar,Rennock,trennockrh@ox.ac.uk,Female,527-267-3735,Brazil,2/7/2003
991,Shoshanna,Elverston,selverstonri@slashdot.org,Female,750-489-0439,Tunisia,2/6/2008
992,Roderick,Tubridy,rtubridyrj@smugmug.com,Male,268-419-0454,China,4/19/1999
993,Tadio,Matkovic,tmatkovicrk@youtube.com,Male,507-810-8886,Indonesia,2/7/2008
994,Raven,Sedgeworth,rsedgeworthrl@howstuffworks.com,Genderqueer,228-179-7103,Mexico,11/29/2002
995,Costa,Astlatt,castlattrm@canalblog.com,Male,780-333-9294,Russia,10/23/2002
996,Georgiana,Winmill,gwinmillrn@geocities.com,Female,811-405-5248,China,4/22/2011
997,Salomi,Marder,smarderro@prweb.com,Female,315-108-0986,Thailand,12/3/2009
998,Annette,Jirik,ajirikrp@mediafire.com,Female,706-977-8349,Philippines,7/15/2003
999,Pepita,Cobbled,pcobbledrq@flickr.com,Female,611-896-9630,China,8/6/2003
1000,Nicholle,Gerry,ngerryrr@sitemeter.com,Female,573-292-4878,United States,12/7/2008
