id,firstName,lastName,email,gender,contactNo,country,dob,age
1,Paxon,Petrus,ppetrus0@spiegel.de,Male,720-685-4202,Ukraine,5/8/1992,74
2,Colin,Fletcher,cfletcher1@rediff.com,Male,153-831-2859,Colombia,11/13/1995,61
3,Giacomo,Hayhoe,ghayhoe2@noaa.gov,Male,416-574-3854,Sweden,6/19/2001,65
4,Aubert,Petzold,apetzold3@so-net.ne.jp,Male,736-100-4250,Ukraine,12/12/2006,74
5,Calley,MacAulay,cmacaulay4@microsoft.com,Bigender,373-404-5958,Brazil,12/3/2023,20
6,Marget,Clemon,mclemon5@themeforest.net,Female,972-585-1118,Indonesia,4/19/2005,74
7,Cesya,Jewis,cjewis6@joomla.org,Female,913-643-3812,Portugal,10/4/2001,19
8,Warner,Paten,wpaten7@blogger.com,Male,149-306-0663,Latvia,8/10/2000,26
9,Abdel,Batte,abatte8@tamu.edu,Male,186-970-3092,Comoros,7/4/2018,21
10,Peirce,Stoodley,pstoodley9@ask.com,Male,496-989-9704,Albania,2/15/1997,
11,Gertrude,Loveday,glovedaya@yolasite.com,Female,779-960-1837,Greece,8/5/2020,70
12,August,Padrick,apadrickb@imdb.com,Male,665-939-1833,Colombia,9/4/2006,36
13,Katlin,Driffill,kdriffillc@huffingtonpost.com,Female,281-346-8879,Brazil,4/30/1995,41
14,Brand,Haston,bhastond@deliciousdays.com,Male,902-753-5817,Greece,2/25/2024,17
15,Kaylil,Caneo,kcaneoe@networksolutions.com,Genderqueer,351-847-7706,China,10/17/2005,39e
16,Noella,Dilnot,ndilnotf@live.com,Female,931-276-1889,Egypt,10/24/2004,151
17,Ana,Cherrett,acherrettg@nasa.gov,Genderqueer,328-117-8369,China,6/14/2019,26
18,Euphemia,Quinnelly,equinnellyh@ucoz.ru,Female,327-793-9195,Greece,10/3/1996,47
19,Chucho,Lindenbluth,clindenbluthi@jimdo.com,Male,588-170-7025,Japan,4/9/1996,45
20,Denis,Pettegree,dpettegreej@opera.com,Male,873-627-0332,Poland,5/31/2010,25